/*
 Navicat Premium Dump SQL

 Source Server         : Localhost
 Source Server Type    : MySQL
 Source Server Version : 80042 (8.0.42)
 Source Host           : localhost:3306
 Source Schema         : online_mall

 Target Server Type    : MySQL
 Target Server Version : 80042 (8.0.42)
 File Encoding         : 65001

 Date: 17/09/2025 22:17:10
*/

SET NAMES utf8mb4;
SET FOREIGN_KEY_CHECKS = 0;

-- ----------------------------
-- Table structure for cart_items
-- ----------------------------
DROP TABLE IF EXISTS `cart_items`;
CREATE TABLE `cart_items`  (
  `id` varchar(50) CHARACTER SET utf8mb4 COLLATE utf8mb4_unicode_ci NOT NULL COMMENT '购物车项ID, 使用UUID或雪花算法生成, 主键',
  `user_id` bigint UNSIGNED NOT NULL COMMENT '用户ID',
  `product_id` bigint UNSIGNED NOT NULL COMMENT '商品ID',
  `quantity` int UNSIGNED NOT NULL DEFAULT 1 COMMENT '商品数量',
  `created_at` datetime NOT NULL DEFAULT CURRENT_TIMESTAMP COMMENT '创建时间',
  `updated_at` datetime NOT NULL DEFAULT CURRENT_TIMESTAMP ON UPDATE CURRENT_TIMESTAMP COMMENT '更新时间',
  PRIMARY KEY (`id`) USING BTREE,
  UNIQUE INDEX `uk_user_product`(`user_id` ASC, `product_id` ASC) USING BTREE,
  INDEX `idx_user_id`(`user_id` ASC) USING BTREE,
  INDEX `product_id`(`product_id` ASC) USING BTREE,
  CONSTRAINT `cart_items_ibfk_1` FOREIGN KEY (`user_id`) REFERENCES `users` (`id`) ON DELETE CASCADE ON UPDATE CASCADE,
  CONSTRAINT `cart_items_ibfk_2` FOREIGN KEY (`product_id`) REFERENCES `products` (`id`) ON DELETE CASCADE ON UPDATE CASCADE
) ENGINE = InnoDB CHARACTER SET = utf8mb4 COLLATE = utf8mb4_unicode_ci COMMENT = '购物车项表' ROW_FORMAT = Dynamic;

-- ----------------------------
-- Records of cart_items
-- ----------------------------

-- ----------------------------
-- Table structure for product_categories
-- ----------------------------
DROP TABLE IF EXISTS `product_categories`;
CREATE TABLE `product_categories`  (
  `id` int UNSIGNED NOT NULL AUTO_INCREMENT COMMENT '分类ID, 主键',
  `name` varchar(50) CHARACTER SET utf8mb4 COLLATE utf8mb4_unicode_ci NOT NULL COMMENT '分类名称',
  `parent_id` int UNSIGNED NOT NULL DEFAULT 0 COMMENT '父分类ID, 0表示顶级分类',
  `created_at` datetime NOT NULL DEFAULT CURRENT_TIMESTAMP COMMENT '创建时间',
  `updated_at` datetime NOT NULL DEFAULT CURRENT_TIMESTAMP ON UPDATE CURRENT_TIMESTAMP COMMENT '更新时间',
  PRIMARY KEY (`id`) USING BTREE
) ENGINE = InnoDB AUTO_INCREMENT = 6 CHARACTER SET = utf8mb4 COLLATE = utf8mb4_unicode_ci COMMENT = '商品分类表' ROW_FORMAT = Dynamic;

-- ----------------------------
-- Records of product_categories
-- ----------------------------
INSERT INTO `product_categories` VALUES (1, '电子产品', 0, '2025-08-26 22:16:54', '2025-08-26 22:16:54');
INSERT INTO `product_categories` VALUES (2, '图书音像', 0, '2025-08-26 22:16:54', '2025-08-26 22:16:54');
INSERT INTO `product_categories` VALUES (3, '家居生活', 0, '2025-08-26 22:16:54', '2025-08-26 22:16:54');
INSERT INTO `product_categories` VALUES (4, '手机', 1, '2025-08-26 22:16:54', '2025-08-26 22:16:54');
INSERT INTO `product_categories` VALUES (5, '电脑', 1, '2025-08-26 22:16:54', '2025-08-26 22:16:54');

-- ----------------------------
-- Table structure for products
-- ----------------------------
DROP TABLE IF EXISTS `products`;
CREATE TABLE `products`  (
  `id` bigint UNSIGNED NOT NULL AUTO_INCREMENT COMMENT '商品ID, 主键',
  `name` varchar(255) CHARACTER SET utf8mb4 COLLATE utf8mb4_unicode_ci NOT NULL COMMENT '商品名称',
  `description` text CHARACTER SET utf8mb4 COLLATE utf8mb4_unicode_ci NULL COMMENT '商品描述',
  `price` decimal(10, 2) NOT NULL COMMENT '商品价格',
  `stock` int UNSIGNED NOT NULL DEFAULT 0 COMMENT '库存数量',
  `sales` int NOT NULL DEFAULT 0 COMMENT '商品销量',
  `category_id` int UNSIGNED NOT NULL COMMENT '所属分类ID',
  `main_image_url` varchar(255) CHARACTER SET utf8mb4 COLLATE utf8mb4_unicode_ci NULL DEFAULT NULL COMMENT '商品主图URL',
  `image_urls` json NULL COMMENT '商品图片URL列表 (JSON数组)',
  `specs` json NULL COMMENT '商品规格参数 (JSON对象)',
  `created_at` datetime NOT NULL DEFAULT CURRENT_TIMESTAMP COMMENT '创建时间',
  `updated_at` datetime NOT NULL DEFAULT CURRENT_TIMESTAMP ON UPDATE CURRENT_TIMESTAMP COMMENT '更新时间',
  PRIMARY KEY (`id`) USING BTREE,
  INDEX `idx_category_id`(`category_id` ASC) USING BTREE,
  CONSTRAINT `products_ibfk_1` FOREIGN KEY (`category_id`) REFERENCES `product_categories` (`id`) ON DELETE RESTRICT ON UPDATE CASCADE
) ENGINE = InnoDB AUTO_INCREMENT = 306 CHARACTER SET = utf8mb4 COLLATE = utf8mb4_unicode_ci COMMENT = '商品表' ROW_FORMAT = Dynamic;

-- ----------------------------
-- Records of products
-- ----------------------------
INSERT INTO `products` VALUES (1, '人体工学办公椅9', '自动生成的商品描述。', 8658.22, 11, 10, 1, 'https://placehold.co/600x400/FF9500/FFFFFF?text=Office+Chair9', '[\"https://placehold.co/600x400/FF9500/FFFFFF?text=Office+Chair9\"]', '{\"Battery\": \"15h\", \"Warranty\": \"2 years\"}', '2025-08-21 05:23:00', '2025-08-21 06:23:00');
INSERT INTO `products` VALUES (2, '无线蓝牙耳机10', '自动生成的商品描述。', 4328.24, 32, 27, 4, 'https://placehold.co/600x400/FF9500/FFFFFF?text=Bluetooth+Earbuds10', '[\"https://placehold.co/600x400/FF9500/FFFFFF?text=Bluetooth+Earbuds10\"]', '{\"CPU\": \"Snapdragon 8 Gen 3\", \"RAM\": \"12GB\", \"Storage\": \"256GB\"}', '2025-08-20 21:35:00', '2025-08-21 06:35:00');
INSERT INTO `products` VALUES (3, '平板电脑2', '自动生成的商品描述。', 2357.41, 62, 13, 3, 'https://placehold.co/600x400/FF2D55/FFFFFF?text=Tablet2', '[\"https://placehold.co/600x400/FF2D55/FFFFFF?text=Tablet2\"]', '{\"Weight\": \"6kg\", \"Material\": \"Metal\"}', '2025-08-26 06:22:00', '2025-08-26 14:22:00');
INSERT INTO `products` VALUES (4, '平板电脑7', '自动生成的商品描述。', 4714.69, 18, 28, 2, 'https://placehold.co/600x400/34C759/FFFFFF?text=Tablet7', '[\"https://placehold.co/600x400/34C759/FFFFFF?text=Tablet7\"]', '{\"Pages\": 775, \"Author\": \"Various\"}', '2025-08-24 02:42:00', '2025-08-24 08:42:00');
INSERT INTO `products` VALUES (5, '空气净化器14', '自动生成的商品描述。', 4748.47, 38, 25, 4, 'https://placehold.co/600x400/FF9500/FFFFFF?text=Air+Purifier14', '[\"https://placehold.co/600x400/FF9500/FFFFFF?text=Air+Purifier14\"]', '{\"CPU\": \"Snapdragon 8 Gen 3\", \"RAM\": \"8GB\", \"Storage\": \"256GB\"}', '2025-08-20 00:01:00', '2025-08-20 07:01:00');
INSERT INTO `products` VALUES (6, '机械键盘3', '自动生成的商品描述。', 7341.96, 17, 13, 3, 'https://placehold.co/600x400/FF9500/FFFFFF?text=Mechanical+Keyboard3', '[\"https://placehold.co/600x400/FF9500/FFFFFF?text=Mechanical+Keyboard3\"]', '{\"Weight\": \"18kg\", \"Material\": \"Plastic\"}', '2025-08-31 05:40:00', '2025-08-31 09:40:00');
INSERT INTO `products` VALUES (7, '高性能游戏本7', '自动生成的商品描述。', 2638.59, 99, 1, 4, 'https://placehold.co/600x400/FF9500/FFFFFF?text=Gaming+Laptop7', '[\"https://placehold.co/600x400/FF9500/FFFFFF?text=Gaming+Laptop7\"]', '{\"CPU\": \"Snapdragon 8 Gen 3\", \"RAM\": \"8GB\", \"Storage\": \"256GB\"}', '2025-09-08 19:19:00', '2025-09-08 20:19:00');
INSERT INTO `products` VALUES (8, '扫地机器人4', '自动生成的商品描述。', 8371.86, 61, 16, 1, 'https://placehold.co/600x400/34C759/FFFFFF?text=Robot+Vacuum4', '[\"https://placehold.co/600x400/34C759/FFFFFF?text=Robot+Vacuum4\"]', '{\"Battery\": \"21h\", \"Warranty\": \"2 years\"}', '2025-08-24 18:52:00', '2025-08-24 22:52:00');
INSERT INTO `products` VALUES (9, '电动牙刷14', '自动生成的商品描述。', 4085.68, 56, 27, 1, 'https://placehold.co/600x400/FF3B30/FFFFFF?text=Electric+Toothbrush14', '[\"https://placehold.co/600x400/FF3B30/FFFFFF?text=Electric+Toothbrush14\"]', '{\"Battery\": \"28h\", \"Warranty\": \"2 years\"}', '2025-09-05 02:16:00', '2025-09-05 09:16:00');
INSERT INTO `products` VALUES (10, '无线蓝牙耳机9', '自动生成的商品描述。', 8598.14, 62, 27, 1, 'https://placehold.co/600x400/FF9500/FFFFFF?text=Bluetooth+Earbuds9', '[\"https://placehold.co/600x400/FF9500/FFFFFF?text=Bluetooth+Earbuds9\"]', '{\"Battery\": \"29h\", \"Warranty\": \"2 years\"}', '2025-08-24 11:59:00', '2025-08-24 16:59:00');
INSERT INTO `products` VALUES (11, '智能手表11', '自动生成的商品描述。', 8016.77, 98, 24, 5, 'https://placehold.co/600x400/FF9500/FFFFFF?text=Smart+Watch11', '[\"https://placehold.co/600x400/FF9500/FFFFFF?text=Smart+Watch11\"]', '{\"CPU\": \"Intel Core i7\", \"GPU\": \"NVIDIA RTX 4070\", \"RAM\": \"16GB\"}', '2025-08-22 07:01:00', '2025-08-22 14:01:00');
INSERT INTO `products` VALUES (12, '扫地机器人14', '自动生成的商品描述。', 712.74, 45, 21, 3, 'https://placehold.co/600x400/FF9500/FFFFFF?text=Robot+Vacuum14', '[\"https://placehold.co/600x400/FF9500/FFFFFF?text=Robot+Vacuum14\"]', '{\"Weight\": \"15kg\", \"Material\": \"Wood\"}', '2025-08-25 08:30:00', '2025-08-25 16:30:00');
INSERT INTO `products` VALUES (13, '空气净化器3', '自动生成的商品描述。', 1918.69, 39, 10, 3, 'https://placehold.co/600x400/5856D6/FFFFFF?text=Air+Purifier3', '[\"https://placehold.co/600x400/5856D6/FFFFFF?text=Air+Purifier3\"]', '{\"Weight\": \"7kg\", \"Material\": \"Metal\"}', '2025-09-08 04:15:00', '2025-09-08 11:15:00');
INSERT INTO `products` VALUES (14, '空气净化器6', '自动生成的商品描述。', 2373.21, 38, 30, 3, 'https://placehold.co/600x400/FF3B30/FFFFFF?text=Air+Purifier6', '[\"https://placehold.co/600x400/FF3B30/FFFFFF?text=Air+Purifier6\"]', '{\"Weight\": \"5kg\", \"Material\": \"Metal\"}', '2025-09-02 17:50:00', '2025-09-02 19:50:00');
INSERT INTO `products` VALUES (15, '旗舰智能手机3', '自动生成的商品描述。', 9052.42, 23, 9, 5, 'https://placehold.co/600x400/FF2D55/FFFFFF?text=Smartphone3', '[\"https://placehold.co/600x400/FF2D55/FFFFFF?text=Smartphone3\"]', '{\"CPU\": \"Intel Core i7\", \"GPU\": \"NVIDIA RTX 4070\", \"RAM\": \"16GB\"}', '2025-08-28 03:27:00', '2025-08-28 11:27:00');
INSERT INTO `products` VALUES (16, '折叠屏手机9', '自动生成的商品描述。', 1419.16, 46, 4, 3, 'https://placehold.co/600x400/5856D6/FFFFFF?text=Foldable+Phone9', '[\"https://placehold.co/600x400/5856D6/FFFFFF?text=Foldable+Phone9\"]', '{\"Weight\": \"3kg\", \"Material\": \"Wood\"}', '2025-08-30 19:01:00', '2025-08-30 21:01:00');
INSERT INTO `products` VALUES (17, '人体工学办公椅14', '自动生成的商品描述。', 6130.14, 44, 4, 1, 'https://placehold.co/600x400/FF2D55/FFFFFF?text=Office+Chair14', '[\"https://placehold.co/600x400/FF2D55/FFFFFF?text=Office+Chair14\"]', '{\"Battery\": \"26h\", \"Warranty\": \"2 years\"}', '2025-09-08 18:45:00', '2025-09-08 23:45:00');
INSERT INTO `products` VALUES (18, '扫地机器人6', '自动生成的商品描述。', 5285.58, 92, 21, 5, 'https://placehold.co/600x400/FF2D55/FFFFFF?text=Robot+Vacuum6', '[\"https://placehold.co/600x400/FF2D55/FFFFFF?text=Robot+Vacuum6\"]', '{\"CPU\": \"Intel Core i7\", \"GPU\": \"NVIDIA RTX 4070\", \"RAM\": \"16GB\"}', '2025-09-03 20:05:00', '2025-09-04 02:05:00');
INSERT INTO `products` VALUES (19, '人体工学办公椅8', '自动生成的商品描述。', 9978.06, 71, 20, 5, 'https://placehold.co/600x400/FF3B30/FFFFFF?text=Office+Chair8', '[\"https://placehold.co/600x400/FF3B30/FFFFFF?text=Office+Chair8\"]', '{\"CPU\": \"Intel Core i7\", \"GPU\": \"NVIDIA RTX 4070\", \"RAM\": \"16GB\"}', '2025-08-24 06:21:00', '2025-08-24 14:21:00');
INSERT INTO `products` VALUES (20, '无线蓝牙耳机3', '自动生成的商品描述。', 1779.57, 72, 27, 1, 'https://placehold.co/600x400/FF2D55/FFFFFF?text=Bluetooth+Earbuds3', '[\"https://placehold.co/600x400/FF2D55/FFFFFF?text=Bluetooth+Earbuds3\"]', '{\"Battery\": \"30h\", \"Warranty\": \"2 years\"}', '2025-08-29 01:32:00', '2025-08-29 05:32:00');
INSERT INTO `products` VALUES (21, '智能手表7', '自动生成的商品描述。', 7700.18, 69, 27, 4, 'https://placehold.co/600x400/34C759/FFFFFF?text=Smart+Watch7', '[\"https://placehold.co/600x400/34C759/FFFFFF?text=Smart+Watch7\"]', '{\"CPU\": \"Snapdragon 8 Gen 3\", \"RAM\": \"12GB\", \"Storage\": \"512GB\"}', '2025-08-23 12:29:00', '2025-08-23 21:29:00');
INSERT INTO `products` VALUES (22, '电动牙刷13', '自动生成的商品描述。', 6576.85, 54, 12, 4, 'https://placehold.co/600x400/FF2D55/FFFFFF?text=Electric+Toothbrush13', '[\"https://placehold.co/600x400/FF2D55/FFFFFF?text=Electric+Toothbrush13\"]', '{\"CPU\": \"Snapdragon 8 Gen 3\", \"RAM\": \"8GB\", \"Storage\": \"256GB\"}', '2025-09-07 22:29:00', '2025-09-08 00:29:00');
INSERT INTO `products` VALUES (23, '音响系统8', '自动生成的商品描述。', 499.63, 90, 18, 4, 'https://placehold.co/600x400/FF2D55/FFFFFF?text=Speaker+System8', '[\"https://placehold.co/600x400/FF2D55/FFFFFF?text=Speaker+System8\"]', '{\"CPU\": \"Snapdragon 8 Gen 3\", \"RAM\": \"16GB\", \"Storage\": \"512GB\"}', '2025-09-08 21:12:00', '2025-09-09 04:12:00');
INSERT INTO `products` VALUES (24, '无线蓝牙耳机15', '自动生成的商品描述。', 7890.18, 95, 2, 5, 'https://placehold.co/600x400/FF2D55/FFFFFF?text=Bluetooth+Earbuds15', '[\"https://placehold.co/600x400/FF2D55/FFFFFF?text=Bluetooth+Earbuds15\"]', '{\"CPU\": \"Intel Core i7\", \"GPU\": \"NVIDIA RTX 4070\", \"RAM\": \"16GB\"}', '2025-08-25 10:47:00', '2025-08-25 15:47:00');
INSERT INTO `products` VALUES (25, '电动牙刷4', '自动生成的商品描述。', 5142.43, 70, 19, 5, 'https://placehold.co/600x400/FF9500/FFFFFF?text=Electric+Toothbrush4', '[\"https://placehold.co/600x400/FF9500/FFFFFF?text=Electric+Toothbrush4\"]', '{\"CPU\": \"Intel Core i7\", \"GPU\": \"NVIDIA RTX 4070\", \"RAM\": \"16GB\"}', '2025-09-08 16:52:00', '2025-09-09 02:52:00');
INSERT INTO `products` VALUES (26, '电动牙刷15', '自动生成的商品描述。', 9759.51, 84, 11, 3, 'https://placehold.co/600x400/5856D6/FFFFFF?text=Electric+Toothbrush15', '[\"https://placehold.co/600x400/5856D6/FFFFFF?text=Electric+Toothbrush15\"]', '{\"Weight\": \"17kg\", \"Material\": \"Metal\"}', '2025-09-06 04:40:00', '2025-09-06 11:40:00');
INSERT INTO `products` VALUES (27, '路由器5', '自动生成的商品描述。', 7008.62, 86, 13, 2, 'https://placehold.co/600x400/FF3B30/FFFFFF?text=WiFi+Router5', '[\"https://placehold.co/600x400/FF3B30/FFFFFF?text=WiFi+Router5\"]', '{\"Pages\": 515, \"Author\": \"Various\"}', '2025-09-09 09:33:00', '2025-09-09 14:33:00');
INSERT INTO `products` VALUES (28, '音响系统5', '自动生成的商品描述。', 3762.38, 43, 26, 4, 'https://placehold.co/600x400/FF9500/FFFFFF?text=Speaker+System5', '[\"https://placehold.co/600x400/FF9500/FFFFFF?text=Speaker+System5\"]', '{\"CPU\": \"Snapdragon 8 Gen 3\", \"RAM\": \"16GB\", \"Storage\": \"128GB\"}', '2025-08-20 11:13:00', '2025-08-20 14:13:00');
INSERT INTO `products` VALUES (29, '扫地机器人2', '自动生成的商品描述。', 3693.00, 24, 15, 1, 'https://placehold.co/600x400/FF2D55/FFFFFF?text=Robot+Vacuum2', '[\"https://placehold.co/600x400/FF2D55/FFFFFF?text=Robot+Vacuum2\"]', '{\"Battery\": \"30h\", \"Warranty\": \"2 years\"}', '2025-08-21 15:38:00', '2025-08-21 16:38:00');
INSERT INTO `products` VALUES (30, '扫地机器人8', '自动生成的商品描述。', 4554.14, 32, 1, 3, 'https://placehold.co/600x400/34C759/FFFFFF?text=Robot+Vacuum8', '[\"https://placehold.co/600x400/34C759/FFFFFF?text=Robot+Vacuum8\"]', '{\"Weight\": \"19kg\", \"Material\": \"Wood\"}', '2025-08-26 20:54:00', '2025-08-27 03:54:00');
INSERT INTO `products` VALUES (31, '电竞椅13', '自动生成的商品描述。', 7395.19, 47, 3, 2, 'https://placehold.co/600x400/FF9500/FFFFFF?text=Gaming+Chair13', '[\"https://placehold.co/600x400/FF9500/FFFFFF?text=Gaming+Chair13\"]', '{\"Pages\": 562, \"Author\": \"Various\"}', '2025-09-06 16:00:00', '2025-09-07 00:00:00');
INSERT INTO `products` VALUES (32, '电竞椅6', '自动生成的商品描述。', 7738.05, 99, 2, 4, 'https://placehold.co/600x400/FF2D55/FFFFFF?text=Gaming+Chair6', '[\"https://placehold.co/600x400/FF2D55/FFFFFF?text=Gaming+Chair6\"]', '{\"CPU\": \"Snapdragon 8 Gen 3\", \"RAM\": \"12GB\", \"Storage\": \"512GB\"}', '2025-08-28 13:21:00', '2025-08-28 14:21:00');
INSERT INTO `products` VALUES (33, '机械键盘8', '自动生成的商品描述。', 5432.90, 65, 24, 1, 'https://placehold.co/600x400/34C759/FFFFFF?text=Mechanical+Keyboard8', '[\"https://placehold.co/600x400/34C759/FFFFFF?text=Mechanical+Keyboard8\"]', '{\"Battery\": \"23h\", \"Warranty\": \"2 years\"}', '2025-08-21 15:51:00', '2025-08-21 19:51:00');
INSERT INTO `products` VALUES (34, '单反相机10', '自动生成的商品描述。', 3717.49, 86, 11, 2, 'https://placehold.co/600x400/FF9500/FFFFFF?text=DSLR+Camera10', '[\"https://placehold.co/600x400/FF9500/FFFFFF?text=DSLR+Camera10\"]', '{\"Pages\": 528, \"Author\": \"Various\"}', '2025-08-30 00:52:00', '2025-08-30 06:52:00');
INSERT INTO `products` VALUES (35, '咖啡机9', '自动生成的商品描述。', 1909.37, 40, 20, 3, 'https://placehold.co/600x400/FF3B30/FFFFFF?text=Coffee+Machine9', '[\"https://placehold.co/600x400/FF3B30/FFFFFF?text=Coffee+Machine9\"]', '{\"Weight\": \"11kg\", \"Material\": \"Metal\"}', '2025-09-07 20:21:00', '2025-09-08 06:21:00');
INSERT INTO `products` VALUES (36, '电竞椅7', '自动生成的商品描述。', 9257.85, 66, 20, 4, 'https://placehold.co/600x400/FF3B30/FFFFFF?text=Gaming+Chair7', '[\"https://placehold.co/600x400/FF3B30/FFFFFF?text=Gaming+Chair7\"]', '{\"CPU\": \"Snapdragon 8 Gen 3\", \"RAM\": \"12GB\", \"Storage\": \"512GB\"}', '2025-08-27 19:08:00', '2025-08-28 01:08:00');
INSERT INTO `products` VALUES (37, '单反相机2', '自动生成的商品描述。', 5577.68, 74, 24, 2, 'https://placehold.co/600x400/FF9500/FFFFFF?text=DSLR+Camera2', '[\"https://placehold.co/600x400/FF9500/FFFFFF?text=DSLR+Camera2\"]', '{\"Pages\": 947, \"Author\": \"Various\"}', '2025-08-27 21:56:00', '2025-08-28 02:56:00');
INSERT INTO `products` VALUES (38, '电竞椅8', '自动生成的商品描述。', 1356.17, 84, 21, 5, 'https://placehold.co/600x400/5856D6/FFFFFF?text=Gaming+Chair8', '[\"https://placehold.co/600x400/5856D6/FFFFFF?text=Gaming+Chair8\"]', '{\"CPU\": \"Intel Core i7\", \"GPU\": \"NVIDIA RTX 4070\", \"RAM\": \"16GB\"}', '2025-08-25 06:15:00', '2025-08-25 08:15:00');
INSERT INTO `products` VALUES (39, '咖啡机8', '自动生成的商品描述。', 8615.32, 77, 5, 3, 'https://placehold.co/600x400/FF3B30/FFFFFF?text=Coffee+Machine8', '[\"https://placehold.co/600x400/FF3B30/FFFFFF?text=Coffee+Machine8\"]', '{\"Weight\": \"16kg\", \"Material\": \"Metal\"}', '2025-09-05 14:46:00', '2025-09-05 23:46:00');
INSERT INTO `products` VALUES (40, '电竞椅2', '自动生成的商品描述。', 8382.35, 45, 29, 2, 'https://placehold.co/600x400/FF9500/FFFFFF?text=Gaming+Chair2', '[\"https://placehold.co/600x400/FF9500/FFFFFF?text=Gaming+Chair2\"]', '{\"Pages\": 594, \"Author\": \"Various\"}', '2025-08-21 15:55:00', '2025-08-21 18:55:00');
INSERT INTO `products` VALUES (41, '扫地机器人7', '自动生成的商品描述。', 2643.49, 93, 11, 1, 'https://placehold.co/600x400/5856D6/FFFFFF?text=Robot+Vacuum7', '[\"https://placehold.co/600x400/5856D6/FFFFFF?text=Robot+Vacuum7\"]', '{\"Battery\": \"30h\", \"Warranty\": \"2 years\"}', '2025-09-05 16:25:00', '2025-09-06 01:25:00');
INSERT INTO `products` VALUES (42, '音响系统2', '自动生成的商品描述。', 2518.57, 77, 5, 4, 'https://placehold.co/600x400/FF9500/FFFFFF?text=Speaker+System2', '[\"https://placehold.co/600x400/FF9500/FFFFFF?text=Speaker+System2\"]', '{\"CPU\": \"Snapdragon 8 Gen 3\", \"RAM\": \"12GB\", \"Storage\": \"128GB\"}', '2025-09-08 02:14:00', '2025-09-08 07:14:00');
INSERT INTO `products` VALUES (43, '电动牙刷10', '自动生成的商品描述。', 2048.34, 70, 14, 5, 'https://placehold.co/600x400/FF3B30/FFFFFF?text=Electric+Toothbrush10', '[\"https://placehold.co/600x400/FF3B30/FFFFFF?text=Electric+Toothbrush10\"]', '{\"CPU\": \"Intel Core i7\", \"GPU\": \"NVIDIA RTX 4070\", \"RAM\": \"16GB\"}', '2025-08-25 08:54:00', '2025-08-25 14:54:00');
INSERT INTO `products` VALUES (44, '咖啡机2', '自动生成的商品描述。', 1359.23, 93, 28, 5, 'https://placehold.co/600x400/34C759/FFFFFF?text=Coffee+Machine2', '[\"https://placehold.co/600x400/34C759/FFFFFF?text=Coffee+Machine2\"]', '{\"CPU\": \"Intel Core i7\", \"GPU\": \"NVIDIA RTX 4070\", \"RAM\": \"16GB\"}', '2025-09-01 13:15:00', '2025-09-01 16:15:00');
INSERT INTO `products` VALUES (45, '机械键盘5', '自动生成的商品描述。', 8036.61, 80, 16, 5, 'https://placehold.co/600x400/5856D6/FFFFFF?text=Mechanical+Keyboard5', '[\"https://placehold.co/600x400/5856D6/FFFFFF?text=Mechanical+Keyboard5\"]', '{\"CPU\": \"Intel Core i7\", \"GPU\": \"NVIDIA RTX 4070\", \"RAM\": \"16GB\"}', '2025-08-25 03:56:00', '2025-08-25 05:56:00');
INSERT INTO `products` VALUES (46, '咖啡机1', '自动生成的商品描述。', 9561.83, 74, 23, 4, 'https://placehold.co/600x400/FF2D55/FFFFFF?text=Coffee+Machine1', '[\"https://placehold.co/600x400/FF2D55/FFFFFF?text=Coffee+Machine1\"]', '{\"CPU\": \"Snapdragon 8 Gen 3\", \"RAM\": \"12GB\", \"Storage\": \"128GB\"}', '2025-09-05 15:48:00', '2025-09-06 01:48:00');
INSERT INTO `products` VALUES (47, '旗舰智能手机8', '自动生成的商品描述。', 8216.88, 31, 28, 4, 'https://placehold.co/600x400/FF9500/FFFFFF?text=Smartphone8', '[\"https://placehold.co/600x400/FF9500/FFFFFF?text=Smartphone8\"]', '{\"CPU\": \"Snapdragon 8 Gen 3\", \"RAM\": \"8GB\", \"Storage\": \"128GB\"}', '2025-09-02 22:30:00', '2025-09-03 07:30:00');
INSERT INTO `products` VALUES (48, '智能手表4', '自动生成的商品描述。', 1921.57, 75, 26, 1, 'https://placehold.co/600x400/FF9500/FFFFFF?text=Smart+Watch4', '[\"https://placehold.co/600x400/FF9500/FFFFFF?text=Smart+Watch4\"]', '{\"Battery\": \"27h\", \"Warranty\": \"2 years\"}', '2025-09-06 23:14:00', '2025-09-07 01:14:00');
INSERT INTO `products` VALUES (49, '咖啡机7', '自动生成的商品描述。', 4803.17, 99, 13, 3, 'https://placehold.co/600x400/34C759/FFFFFF?text=Coffee+Machine7', '[\"https://placehold.co/600x400/34C759/FFFFFF?text=Coffee+Machine7\"]', '{\"Weight\": \"14kg\", \"Material\": \"Metal\"}', '2025-08-23 12:39:00', '2025-08-23 15:39:00');
INSERT INTO `products` VALUES (50, '音响系统12', '自动生成的商品描述。', 9933.07, 79, 22, 2, 'https://placehold.co/600x400/FF3B30/FFFFFF?text=Speaker+System12', '[\"https://placehold.co/600x400/FF3B30/FFFFFF?text=Speaker+System12\"]', '{\"Pages\": 428, \"Author\": \"Various\"}', '2025-08-29 21:33:00', '2025-08-30 00:33:00');
INSERT INTO `products` VALUES (51, '畅销小说套装12', '自动生成的商品描述。', 2814.37, 32, 8, 2, 'https://placehold.co/600x400/FF9500/FFFFFF?text=Novel+Set12', '[\"https://placehold.co/600x400/FF9500/FFFFFF?text=Novel+Set12\"]', '{\"Pages\": 678, \"Author\": \"Various\"}', '2025-09-09 05:47:00', '2025-09-09 15:47:00');
INSERT INTO `products` VALUES (52, '平板电脑5', '自动生成的商品描述。', 9788.16, 98, 10, 3, 'https://placehold.co/600x400/FF3B30/FFFFFF?text=Tablet5', '[\"https://placehold.co/600x400/FF3B30/FFFFFF?text=Tablet5\"]', '{\"Weight\": \"15kg\", \"Material\": \"Wood\"}', '2025-08-22 04:59:00', '2025-08-22 07:59:00');
INSERT INTO `products` VALUES (53, '4K显示器10', '自动生成的商品描述。', 519.17, 79, 13, 5, 'https://placehold.co/600x400/5856D6/FFFFFF?text=4K+Monitor10', '[\"https://placehold.co/600x400/5856D6/FFFFFF?text=4K+Monitor10\"]', '{\"CPU\": \"Intel Core i7\", \"GPU\": \"NVIDIA RTX 4070\", \"RAM\": \"16GB\"}', '2025-09-09 21:46:00', '2025-09-10 05:46:00');
INSERT INTO `products` VALUES (54, '畅销小说套装14', '自动生成的商品描述。', 4123.31, 67, 26, 1, 'https://placehold.co/600x400/FF3B30/FFFFFF?text=Novel+Set14', '[\"https://placehold.co/600x400/FF3B30/FFFFFF?text=Novel+Set14\"]', '{\"Battery\": \"22h\", \"Warranty\": \"2 years\"}', '2025-09-05 07:13:00', '2025-09-05 16:13:00');
INSERT INTO `products` VALUES (55, '高性能游戏本12', '自动生成的商品描述。', 9053.29, 86, 28, 4, 'https://placehold.co/600x400/34C759/FFFFFF?text=Gaming+Laptop12', '[\"https://placehold.co/600x400/34C759/FFFFFF?text=Gaming+Laptop12\"]', '{\"CPU\": \"Snapdragon 8 Gen 3\", \"RAM\": \"16GB\", \"Storage\": \"256GB\"}', '2025-08-24 11:37:00', '2025-08-24 15:37:00');
INSERT INTO `products` VALUES (56, '高性能游戏本11', '自动生成的商品描述。', 6802.57, 48, 23, 1, 'https://placehold.co/600x400/5856D6/FFFFFF?text=Gaming+Laptop11', '[\"https://placehold.co/600x400/5856D6/FFFFFF?text=Gaming+Laptop11\"]', '{\"Battery\": \"20h\", \"Warranty\": \"2 years\"}', '2025-09-05 23:48:00', '2025-09-06 03:48:00');
INSERT INTO `products` VALUES (57, '小说精选12', '自动生成的商品描述。', 9084.66, 65, 13, 3, 'https://placehold.co/600x400/34C759/FFFFFF?text=Novel+Collection12', '[\"https://placehold.co/600x400/34C759/FFFFFF?text=Novel+Collection12\"]', '{\"Weight\": \"8kg\", \"Material\": \"Wood\"}', '2025-09-06 13:49:00', '2025-09-06 15:49:00');
INSERT INTO `products` VALUES (58, '4K显示器5', '自动生成的商品描述。', 9100.65, 52, 11, 4, 'https://placehold.co/600x400/FF3B30/FFFFFF?text=4K+Monitor5', '[\"https://placehold.co/600x400/FF3B30/FFFFFF?text=4K+Monitor5\"]', '{\"CPU\": \"Snapdragon 8 Gen 3\", \"RAM\": \"16GB\", \"Storage\": \"512GB\"}', '2025-09-02 19:57:00', '2025-09-03 02:57:00');
INSERT INTO `products` VALUES (59, '折叠屏手机15', '自动生成的商品描述。', 5801.81, 59, 2, 3, 'https://placehold.co/600x400/FF2D55/FFFFFF?text=Foldable+Phone15', '[\"https://placehold.co/600x400/FF2D55/FFFFFF?text=Foldable+Phone15\"]', '{\"Weight\": \"4kg\", \"Material\": \"Wood\"}', '2025-08-27 15:02:00', '2025-08-28 01:02:00');
INSERT INTO `products` VALUES (60, '人体工学办公椅3', '自动生成的商品描述。', 6546.15, 73, 24, 2, 'https://placehold.co/600x400/34C759/FFFFFF?text=Office+Chair3', '[\"https://placehold.co/600x400/34C759/FFFFFF?text=Office+Chair3\"]', '{\"Pages\": 385, \"Author\": \"Various\"}', '2025-08-20 01:57:00', '2025-08-20 07:57:00');
INSERT INTO `products` VALUES (61, '小说精选6', '自动生成的商品描述。', 1472.84, 66, 4, 3, 'https://placehold.co/600x400/FF2D55/FFFFFF?text=Novel+Collection6', '[\"https://placehold.co/600x400/FF2D55/FFFFFF?text=Novel+Collection6\"]', '{\"Weight\": \"9kg\", \"Material\": \"Wood\"}', '2025-08-26 11:10:00', '2025-08-26 17:10:00');
INSERT INTO `products` VALUES (62, '音响系统14', '自动生成的商品描述。', 5996.83, 34, 22, 1, 'https://placehold.co/600x400/FF2D55/FFFFFF?text=Speaker+System14', '[\"https://placehold.co/600x400/FF2D55/FFFFFF?text=Speaker+System14\"]', '{\"Battery\": \"27h\", \"Warranty\": \"2 years\"}', '2025-08-24 08:39:00', '2025-08-24 10:39:00');
INSERT INTO `products` VALUES (63, '空气净化器10', '自动生成的商品描述。', 567.43, 34, 19, 2, 'https://placehold.co/600x400/FF3B30/FFFFFF?text=Air+Purifier10', '[\"https://placehold.co/600x400/FF3B30/FFFFFF?text=Air+Purifier10\"]', '{\"Pages\": 926, \"Author\": \"Various\"}', '2025-08-21 07:35:00', '2025-08-21 11:35:00');
INSERT INTO `products` VALUES (64, '路由器13', '自动生成的商品描述。', 3289.79, 58, 6, 4, 'https://placehold.co/600x400/34C759/FFFFFF?text=WiFi+Router13', '[\"https://placehold.co/600x400/34C759/FFFFFF?text=WiFi+Router13\"]', '{\"CPU\": \"Snapdragon 8 Gen 3\", \"RAM\": \"12GB\", \"Storage\": \"512GB\"}', '2025-08-29 22:54:00', '2025-08-30 02:54:00');
INSERT INTO `products` VALUES (65, '单反相机11', '自动生成的商品描述。', 6473.51, 33, 21, 4, 'https://placehold.co/600x400/FF3B30/FFFFFF?text=DSLR+Camera11', '[\"https://placehold.co/600x400/FF3B30/FFFFFF?text=DSLR+Camera11\"]', '{\"CPU\": \"Snapdragon 8 Gen 3\", \"RAM\": \"8GB\", \"Storage\": \"256GB\"}', '2025-08-28 00:38:00', '2025-08-28 01:38:00');
INSERT INTO `products` VALUES (66, '高性能游戏本3', '自动生成的商品描述。', 8305.08, 30, 22, 3, 'https://placehold.co/600x400/5856D6/FFFFFF?text=Gaming+Laptop3', '[\"https://placehold.co/600x400/5856D6/FFFFFF?text=Gaming+Laptop3\"]', '{\"Weight\": \"10kg\", \"Material\": \"Plastic\"}', '2025-08-25 03:27:00', '2025-08-25 06:27:00');
INSERT INTO `products` VALUES (67, '旗舰智能手机15', '自动生成的商品描述。', 1887.29, 82, 18, 5, 'https://placehold.co/600x400/FF2D55/FFFFFF?text=Smartphone15', '[\"https://placehold.co/600x400/FF2D55/FFFFFF?text=Smartphone15\"]', '{\"CPU\": \"Intel Core i7\", \"GPU\": \"NVIDIA RTX 4070\", \"RAM\": \"16GB\"}', '2025-09-02 18:36:00', '2025-09-02 19:36:00');
INSERT INTO `products` VALUES (68, '折叠屏手机12', '自动生成的商品描述。', 1172.68, 10, 13, 5, 'https://placehold.co/600x400/34C759/FFFFFF?text=Foldable+Phone12', '[\"https://placehold.co/600x400/34C759/FFFFFF?text=Foldable+Phone12\"]', '{\"CPU\": \"Intel Core i7\", \"GPU\": \"NVIDIA RTX 4070\", \"RAM\": \"16GB\"}', '2025-08-27 14:06:00', '2025-08-27 23:06:00');
INSERT INTO `products` VALUES (69, '4K显示器4', '自动生成的商品描述。', 5776.24, 45, 15, 1, 'https://placehold.co/600x400/FF3B30/FFFFFF?text=4K+Monitor4', '[\"https://placehold.co/600x400/FF3B30/FFFFFF?text=4K+Monitor4\"]', '{\"Battery\": \"19h\", \"Warranty\": \"2 years\"}', '2025-09-04 23:54:00', '2025-09-05 05:54:00');
INSERT INTO `products` VALUES (70, '高性能游戏本1', '自动生成的商品描述。', 4603.38, 66, 27, 1, 'https://placehold.co/600x400/FF2D55/FFFFFF?text=Gaming+Laptop1', '[\"https://placehold.co/600x400/FF2D55/FFFFFF?text=Gaming+Laptop1\"]', '{\"Battery\": \"29h\", \"Warranty\": \"2 years\"}', '2025-08-29 11:21:00', '2025-08-29 15:21:00');
INSERT INTO `products` VALUES (71, '单反相机7', '自动生成的商品描述。', 5290.27, 90, 15, 5, 'https://placehold.co/600x400/FF9500/FFFFFF?text=DSLR+Camera7', '[\"https://placehold.co/600x400/FF9500/FFFFFF?text=DSLR+Camera7\"]', '{\"CPU\": \"Intel Core i7\", \"GPU\": \"NVIDIA RTX 4070\", \"RAM\": \"16GB\"}', '2025-08-28 03:56:00', '2025-08-28 12:56:00');
INSERT INTO `products` VALUES (72, '台灯13', '自动生成的商品描述。', 8295.60, 51, 10, 3, 'https://placehold.co/600x400/5856D6/FFFFFF?text=Desk+Lamp13', '[\"https://placehold.co/600x400/5856D6/FFFFFF?text=Desk+Lamp13\"]', '{\"Weight\": \"16kg\", \"Material\": \"Metal\"}', '2025-08-27 03:22:00', '2025-08-27 08:22:00');
INSERT INTO `products` VALUES (73, '扫地机器人5', '自动生成的商品描述。', 8552.61, 12, 9, 5, 'https://placehold.co/600x400/34C759/FFFFFF?text=Robot+Vacuum5', '[\"https://placehold.co/600x400/34C759/FFFFFF?text=Robot+Vacuum5\"]', '{\"CPU\": \"Intel Core i7\", \"GPU\": \"NVIDIA RTX 4070\", \"RAM\": \"16GB\"}', '2025-08-30 13:18:00', '2025-08-30 20:18:00');
INSERT INTO `products` VALUES (74, '无线蓝牙耳机12', '自动生成的商品描述。', 9170.20, 75, 24, 3, 'https://placehold.co/600x400/5856D6/FFFFFF?text=Bluetooth+Earbuds12', '[\"https://placehold.co/600x400/5856D6/FFFFFF?text=Bluetooth+Earbuds12\"]', '{\"Weight\": \"4kg\", \"Material\": \"Wood\"}', '2025-09-01 05:13:00', '2025-09-01 07:13:00');
INSERT INTO `products` VALUES (75, '咖啡机5', '自动生成的商品描述。', 2022.20, 44, 17, 3, 'https://placehold.co/600x400/5856D6/FFFFFF?text=Coffee+Machine5', '[\"https://placehold.co/600x400/5856D6/FFFFFF?text=Coffee+Machine5\"]', '{\"Weight\": \"14kg\", \"Material\": \"Plastic\"}', '2025-09-07 10:43:00', '2025-09-07 12:43:00');
INSERT INTO `products` VALUES (76, '台灯5', '自动生成的商品描述。', 3226.44, 27, 6, 2, 'https://placehold.co/600x400/FF9500/FFFFFF?text=Desk+Lamp5', '[\"https://placehold.co/600x400/FF9500/FFFFFF?text=Desk+Lamp5\"]', '{\"Pages\": 427, \"Author\": \"Various\"}', '2025-09-06 20:24:00', '2025-09-06 23:24:00');
INSERT INTO `products` VALUES (77, '单反相机14', '自动生成的商品描述。', 1145.69, 52, 14, 1, 'https://placehold.co/600x400/5856D6/FFFFFF?text=DSLR+Camera14', '[\"https://placehold.co/600x400/5856D6/FFFFFF?text=DSLR+Camera14\"]', '{\"Battery\": \"15h\", \"Warranty\": \"2 years\"}', '2025-09-07 00:07:00', '2025-09-07 04:07:00');
INSERT INTO `products` VALUES (78, '智能手表13', '自动生成的商品描述。', 1452.61, 38, 0, 5, 'https://placehold.co/600x400/FF2D55/FFFFFF?text=Smart+Watch13', '[\"https://placehold.co/600x400/FF2D55/FFFFFF?text=Smart+Watch13\"]', '{\"CPU\": \"Intel Core i7\", \"GPU\": \"NVIDIA RTX 4070\", \"RAM\": \"16GB\"}', '2025-09-04 13:59:00', '2025-09-04 19:59:00');
INSERT INTO `products` VALUES (79, '路由器2', '自动生成的商品描述。', 750.74, 58, 3, 3, 'https://placehold.co/600x400/FF2D55/FFFFFF?text=WiFi+Router2', '[\"https://placehold.co/600x400/FF2D55/FFFFFF?text=WiFi+Router2\"]', '{\"Weight\": \"4kg\", \"Material\": \"Metal\"}', '2025-08-22 18:54:00', '2025-08-23 03:54:00');
INSERT INTO `products` VALUES (80, '空气净化器2', '自动生成的商品描述。', 8192.69, 98, 16, 5, 'https://placehold.co/600x400/FF3B30/FFFFFF?text=Air+Purifier2', '[\"https://placehold.co/600x400/FF3B30/FFFFFF?text=Air+Purifier2\"]', '{\"CPU\": \"Intel Core i7\", \"GPU\": \"NVIDIA RTX 4070\", \"RAM\": \"16GB\"}', '2025-08-28 21:16:00', '2025-08-28 23:16:00');
INSERT INTO `products` VALUES (81, '小说精选15', '自动生成的商品描述。', 9307.82, 91, 27, 2, 'https://placehold.co/600x400/34C759/FFFFFF?text=Novel+Collection15', '[\"https://placehold.co/600x400/34C759/FFFFFF?text=Novel+Collection15\"]', '{\"Pages\": 530, \"Author\": \"Various\"}', '2025-09-07 15:03:00', '2025-09-07 18:03:00');
INSERT INTO `products` VALUES (82, '畅销小说套装4', '自动生成的商品描述。', 2633.74, 85, 19, 1, 'https://placehold.co/600x400/FF3B30/FFFFFF?text=Novel+Set4', '[\"https://placehold.co/600x400/FF3B30/FFFFFF?text=Novel+Set4\"]', '{\"Battery\": \"30h\", \"Warranty\": \"2 years\"}', '2025-09-06 12:33:00', '2025-09-06 18:33:00');
INSERT INTO `products` VALUES (83, '小说精选9', '自动生成的商品描述。', 9896.85, 18, 12, 1, 'https://placehold.co/600x400/FF2D55/FFFFFF?text=Novel+Collection9', '[\"https://placehold.co/600x400/FF2D55/FFFFFF?text=Novel+Collection9\"]', '{\"Battery\": \"23h\", \"Warranty\": \"2 years\"}', '2025-09-04 08:30:00', '2025-09-04 13:30:00');
INSERT INTO `products` VALUES (84, '路由器1', '自动生成的商品描述。', 7104.06, 39, 12, 4, 'https://placehold.co/600x400/FF9500/FFFFFF?text=WiFi+Router1', '[\"https://placehold.co/600x400/FF9500/FFFFFF?text=WiFi+Router1\"]', '{\"CPU\": \"Snapdragon 8 Gen 3\", \"RAM\": \"16GB\", \"Storage\": \"128GB\"}', '2025-08-27 11:58:00', '2025-08-27 21:58:00');
INSERT INTO `products` VALUES (85, '咖啡机12', '自动生成的商品描述。', 1183.58, 79, 5, 5, 'https://placehold.co/600x400/FF9500/FFFFFF?text=Coffee+Machine12', '[\"https://placehold.co/600x400/FF9500/FFFFFF?text=Coffee+Machine12\"]', '{\"CPU\": \"Intel Core i7\", \"GPU\": \"NVIDIA RTX 4070\", \"RAM\": \"16GB\"}', '2025-08-20 16:00:00', '2025-08-21 02:00:00');
INSERT INTO `products` VALUES (86, '机械键盘6', '自动生成的商品描述。', 7212.05, 35, 13, 1, 'https://placehold.co/600x400/FF3B30/FFFFFF?text=Mechanical+Keyboard6', '[\"https://placehold.co/600x400/FF3B30/FFFFFF?text=Mechanical+Keyboard6\"]', '{\"Battery\": \"28h\", \"Warranty\": \"2 years\"}', '2025-08-21 22:48:00', '2025-08-21 23:48:00');
INSERT INTO `products` VALUES (87, '台灯15', '自动生成的商品描述。', 9364.99, 50, 16, 2, 'https://placehold.co/600x400/5856D6/FFFFFF?text=Desk+Lamp15', '[\"https://placehold.co/600x400/5856D6/FFFFFF?text=Desk+Lamp15\"]', '{\"Pages\": 455, \"Author\": \"Various\"}', '2025-08-24 03:56:00', '2025-08-24 04:56:00');
INSERT INTO `products` VALUES (88, '小说精选11', '自动生成的商品描述。', 8951.04, 15, 27, 5, 'https://placehold.co/600x400/FF2D55/FFFFFF?text=Novel+Collection11', '[\"https://placehold.co/600x400/FF2D55/FFFFFF?text=Novel+Collection11\"]', '{\"CPU\": \"Intel Core i7\", \"GPU\": \"NVIDIA RTX 4070\", \"RAM\": \"16GB\"}', '2025-08-20 07:22:00', '2025-08-20 12:22:00');
INSERT INTO `products` VALUES (89, '无线蓝牙耳机8', '自动生成的商品描述。', 6819.87, 38, 4, 3, 'https://placehold.co/600x400/FF2D55/FFFFFF?text=Bluetooth+Earbuds8', '[\"https://placehold.co/600x400/FF2D55/FFFFFF?text=Bluetooth+Earbuds8\"]', '{\"Weight\": \"6kg\", \"Material\": \"Metal\"}', '2025-08-21 21:06:00', '2025-08-22 07:06:00');
INSERT INTO `products` VALUES (90, '平板电脑4', '自动生成的商品描述。', 4361.71, 99, 15, 5, 'https://placehold.co/600x400/FF2D55/FFFFFF?text=Tablet4', '[\"https://placehold.co/600x400/FF2D55/FFFFFF?text=Tablet4\"]', '{\"CPU\": \"Intel Core i7\", \"GPU\": \"NVIDIA RTX 4070\", \"RAM\": \"16GB\"}', '2025-08-28 09:12:00', '2025-08-28 10:12:00');
INSERT INTO `products` VALUES (91, '智能手表9', '自动生成的商品描述。', 6114.65, 42, 11, 4, 'https://placehold.co/600x400/34C759/FFFFFF?text=Smart+Watch9', '[\"https://placehold.co/600x400/34C759/FFFFFF?text=Smart+Watch9\"]', '{\"CPU\": \"Snapdragon 8 Gen 3\", \"RAM\": \"8GB\", \"Storage\": \"512GB\"}', '2025-08-22 05:06:00', '2025-08-22 14:06:00');
INSERT INTO `products` VALUES (92, '小说精选14', '自动生成的商品描述。', 8256.61, 71, 8, 1, 'https://placehold.co/600x400/5856D6/FFFFFF?text=Novel+Collection14', '[\"https://placehold.co/600x400/5856D6/FFFFFF?text=Novel+Collection14\"]', '{\"Battery\": \"15h\", \"Warranty\": \"2 years\"}', '2025-09-04 20:28:00', '2025-09-05 02:28:00');
INSERT INTO `products` VALUES (93, '小说精选4', '自动生成的商品描述。', 7007.33, 50, 13, 3, 'https://placehold.co/600x400/5856D6/FFFFFF?text=Novel+Collection4', '[\"https://placehold.co/600x400/5856D6/FFFFFF?text=Novel+Collection4\"]', '{\"Weight\": \"18kg\", \"Material\": \"Metal\"}', '2025-09-05 00:14:00', '2025-09-05 05:14:00');
INSERT INTO `products` VALUES (94, '畅销小说套装7', '自动生成的商品描述。', 3669.72, 29, 27, 1, 'https://placehold.co/600x400/FF9500/FFFFFF?text=Novel+Set7', '[\"https://placehold.co/600x400/FF9500/FFFFFF?text=Novel+Set7\"]', '{\"Battery\": \"22h\", \"Warranty\": \"2 years\"}', '2025-08-29 07:05:00', '2025-08-29 12:05:00');
INSERT INTO `products` VALUES (95, '小说精选5', '自动生成的商品描述。', 4677.45, 12, 28, 1, 'https://placehold.co/600x400/FF2D55/FFFFFF?text=Novel+Collection5', '[\"https://placehold.co/600x400/FF2D55/FFFFFF?text=Novel+Collection5\"]', '{\"Battery\": \"18h\", \"Warranty\": \"2 years\"}', '2025-08-21 13:02:00', '2025-08-21 23:02:00');
INSERT INTO `products` VALUES (96, '机械键盘15', '自动生成的商品描述。', 6666.10, 22, 25, 5, 'https://placehold.co/600x400/5856D6/FFFFFF?text=Mechanical+Keyboard15', '[\"https://placehold.co/600x400/5856D6/FFFFFF?text=Mechanical+Keyboard15\"]', '{\"CPU\": \"Intel Core i7\", \"GPU\": \"NVIDIA RTX 4070\", \"RAM\": \"16GB\"}', '2025-09-01 05:47:00', '2025-09-01 13:47:00');
INSERT INTO `products` VALUES (97, '电动牙刷7', '自动生成的商品描述。', 1073.90, 88, 5, 4, 'https://placehold.co/600x400/34C759/FFFFFF?text=Electric+Toothbrush7', '[\"https://placehold.co/600x400/34C759/FFFFFF?text=Electric+Toothbrush7\"]', '{\"CPU\": \"Snapdragon 8 Gen 3\", \"RAM\": \"12GB\", \"Storage\": \"512GB\"}', '2025-09-02 04:04:00', '2025-09-02 14:04:00');
INSERT INTO `products` VALUES (98, '路由器11', '自动生成的商品描述。', 2360.41, 81, 19, 4, 'https://placehold.co/600x400/FF3B30/FFFFFF?text=WiFi+Router11', '[\"https://placehold.co/600x400/FF3B30/FFFFFF?text=WiFi+Router11\"]', '{\"CPU\": \"Snapdragon 8 Gen 3\", \"RAM\": \"12GB\", \"Storage\": \"256GB\"}', '2025-08-31 10:11:00', '2025-08-31 18:11:00');
INSERT INTO `products` VALUES (99, '空气净化器9', '自动生成的商品描述。', 3951.52, 90, 26, 4, 'https://placehold.co/600x400/FF2D55/FFFFFF?text=Air+Purifier9', '[\"https://placehold.co/600x400/FF2D55/FFFFFF?text=Air+Purifier9\"]', '{\"CPU\": \"Snapdragon 8 Gen 3\", \"RAM\": \"16GB\", \"Storage\": \"128GB\"}', '2025-08-25 17:17:00', '2025-08-25 21:17:00');
INSERT INTO `products` VALUES (100, '旗舰智能手机7', '自动生成的商品描述。', 3976.72, 54, 16, 3, 'https://placehold.co/600x400/5856D6/FFFFFF?text=Smartphone7', '[\"https://placehold.co/600x400/5856D6/FFFFFF?text=Smartphone7\"]', '{\"Weight\": \"3kg\", \"Material\": \"Wood\"}', '2025-08-22 22:28:00', '2025-08-22 23:28:00');
INSERT INTO `products` VALUES (101, '音响系统15', '自动生成的商品描述。', 4091.16, 72, 10, 4, 'https://placehold.co/600x400/5856D6/FFFFFF?text=Speaker+System15', '[\"https://placehold.co/600x400/5856D6/FFFFFF?text=Speaker+System15\"]', '{\"CPU\": \"Snapdragon 8 Gen 3\", \"RAM\": \"16GB\", \"Storage\": \"512GB\"}', '2025-08-21 22:10:00', '2025-08-22 04:10:00');
INSERT INTO `products` VALUES (102, '音响系统7', '自动生成的商品描述。', 2767.40, 73, 12, 1, 'https://placehold.co/600x400/FF2D55/FFFFFF?text=Speaker+System7', '[\"https://placehold.co/600x400/FF2D55/FFFFFF?text=Speaker+System7\"]', '{\"Battery\": \"28h\", \"Warranty\": \"2 years\"}', '2025-09-02 10:48:00', '2025-09-02 15:48:00');
INSERT INTO `products` VALUES (103, '无线蓝牙耳机4', '自动生成的商品描述。', 6430.82, 72, 11, 2, 'https://placehold.co/600x400/FF3B30/FFFFFF?text=Bluetooth+Earbuds4', '[\"https://placehold.co/600x400/FF3B30/FFFFFF?text=Bluetooth+Earbuds4\"]', '{\"Pages\": 621, \"Author\": \"Various\"}', '2025-09-09 02:01:00', '2025-09-09 09:01:00');
INSERT INTO `products` VALUES (104, '空气净化器13', '自动生成的商品描述。', 1174.82, 30, 13, 2, 'https://placehold.co/600x400/FF9500/FFFFFF?text=Air+Purifier13', '[\"https://placehold.co/600x400/FF9500/FFFFFF?text=Air+Purifier13\"]', '{\"Pages\": 965, \"Author\": \"Various\"}', '2025-08-20 16:52:00', '2025-08-20 21:52:00');
INSERT INTO `products` VALUES (105, '台灯8', '自动生成的商品描述。', 9157.58, 93, 1, 3, 'https://placehold.co/600x400/FF2D55/FFFFFF?text=Desk+Lamp8', '[\"https://placehold.co/600x400/FF2D55/FFFFFF?text=Desk+Lamp8\"]', '{\"Weight\": \"20kg\", \"Material\": \"Wood\"}', '2025-08-26 22:34:00', '2025-08-27 01:34:00');
INSERT INTO `products` VALUES (106, '高性能游戏本5', '自动生成的商品描述。', 9123.14, 91, 6, 4, 'https://placehold.co/600x400/FF2D55/FFFFFF?text=Gaming+Laptop5', '[\"https://placehold.co/600x400/FF2D55/FFFFFF?text=Gaming+Laptop5\"]', '{\"CPU\": \"Snapdragon 8 Gen 3\", \"RAM\": \"8GB\", \"Storage\": \"256GB\"}', '2025-08-31 09:50:00', '2025-08-31 18:50:00');
INSERT INTO `products` VALUES (107, '高性能游戏本9', '自动生成的商品描述。', 9470.72, 64, 16, 3, 'https://placehold.co/600x400/FF2D55/FFFFFF?text=Gaming+Laptop9', '[\"https://placehold.co/600x400/FF2D55/FFFFFF?text=Gaming+Laptop9\"]', '{\"Weight\": \"11kg\", \"Material\": \"Wood\"}', '2025-08-20 20:01:00', '2025-08-21 02:01:00');
INSERT INTO `products` VALUES (108, '机械键盘12', '自动生成的商品描述。', 6283.44, 22, 25, 2, 'https://placehold.co/600x400/FF3B30/FFFFFF?text=Mechanical+Keyboard12', '[\"https://placehold.co/600x400/FF3B30/FFFFFF?text=Mechanical+Keyboard12\"]', '{\"Pages\": 422, \"Author\": \"Various\"}', '2025-08-20 08:07:00', '2025-08-20 14:07:00');
INSERT INTO `products` VALUES (109, '人体工学办公椅1', '自动生成的商品描述。', 9393.83, 82, 28, 2, 'https://placehold.co/600x400/FF3B30/FFFFFF?text=Office+Chair1', '[\"https://placehold.co/600x400/FF3B30/FFFFFF?text=Office+Chair1\"]', '{\"Pages\": 508, \"Author\": \"Various\"}', '2025-08-28 00:19:00', '2025-08-28 02:19:00');
INSERT INTO `products` VALUES (110, '小说精选10', '自动生成的商品描述。', 3646.78, 14, 22, 4, 'https://placehold.co/600x400/5856D6/FFFFFF?text=Novel+Collection10', '[\"https://placehold.co/600x400/5856D6/FFFFFF?text=Novel+Collection10\"]', '{\"CPU\": \"Snapdragon 8 Gen 3\", \"RAM\": \"8GB\", \"Storage\": \"128GB\"}', '2025-09-08 12:34:00', '2025-09-08 15:34:00');
INSERT INTO `products` VALUES (111, '路由器12', '自动生成的商品描述。', 7525.89, 100, 1, 4, 'https://placehold.co/600x400/FF3B30/FFFFFF?text=WiFi+Router12', '[\"https://placehold.co/600x400/FF3B30/FFFFFF?text=WiFi+Router12\"]', '{\"CPU\": \"Snapdragon 8 Gen 3\", \"RAM\": \"8GB\", \"Storage\": \"128GB\"}', '2025-08-25 16:46:00', '2025-08-25 17:46:00');
INSERT INTO `products` VALUES (112, '音响系统6', '自动生成的商品描述。', 1721.36, 19, 12, 3, 'https://placehold.co/600x400/5856D6/FFFFFF?text=Speaker+System6', '[\"https://placehold.co/600x400/5856D6/FFFFFF?text=Speaker+System6\"]', '{\"Weight\": \"20kg\", \"Material\": \"Wood\"}', '2025-09-01 11:33:00', '2025-09-01 12:33:00');
INSERT INTO `products` VALUES (113, '4K显示器6', '自动生成的商品描述。', 179.66, 85, 25, 3, 'https://placehold.co/600x400/FF9500/FFFFFF?text=4K+Monitor6', '[\"https://placehold.co/600x400/FF9500/FFFFFF?text=4K+Monitor6\"]', '{\"Weight\": \"3kg\", \"Material\": \"Plastic\"}', '2025-08-23 03:42:00', '2025-08-23 13:42:00');
INSERT INTO `products` VALUES (114, '人体工学办公椅6', '自动生成的商品描述。', 764.60, 50, 7, 5, 'https://placehold.co/600x400/FF3B30/FFFFFF?text=Office+Chair6', '[\"https://placehold.co/600x400/FF3B30/FFFFFF?text=Office+Chair6\"]', '{\"CPU\": \"Intel Core i7\", \"GPU\": \"NVIDIA RTX 4070\", \"RAM\": \"16GB\"}', '2025-08-20 17:18:00', '2025-08-20 20:18:00');
INSERT INTO `products` VALUES (115, '机械键盘7', '自动生成的商品描述。', 5690.10, 60, 5, 2, 'https://placehold.co/600x400/FF2D55/FFFFFF?text=Mechanical+Keyboard7', '[\"https://placehold.co/600x400/FF2D55/FFFFFF?text=Mechanical+Keyboard7\"]', '{\"Pages\": 331, \"Author\": \"Various\"}', '2025-09-08 08:45:00', '2025-09-08 09:45:00');
INSERT INTO `products` VALUES (116, '旗舰智能手机1', '自动生成的商品描述。', 7404.48, 12, 25, 4, 'https://placehold.co/600x400/FF3B30/FFFFFF?text=Smartphone1', '[\"https://placehold.co/600x400/FF3B30/FFFFFF?text=Smartphone1\"]', '{\"CPU\": \"Snapdragon 8 Gen 3\", \"RAM\": \"8GB\", \"Storage\": \"128GB\"}', '2025-09-07 12:04:00', '2025-09-07 15:04:00');
INSERT INTO `products` VALUES (117, '旗舰智能手机10', '自动生成的商品描述。', 8907.49, 55, 24, 4, 'https://placehold.co/600x400/FF9500/FFFFFF?text=Smartphone10', '[\"https://placehold.co/600x400/FF9500/FFFFFF?text=Smartphone10\"]', '{\"CPU\": \"Snapdragon 8 Gen 3\", \"RAM\": \"12GB\", \"Storage\": \"128GB\"}', '2025-08-31 22:54:00', '2025-08-31 23:54:00');
INSERT INTO `products` VALUES (118, '单反相机5', '自动生成的商品描述。', 3946.83, 78, 2, 3, 'https://placehold.co/600x400/FF3B30/FFFFFF?text=DSLR+Camera5', '[\"https://placehold.co/600x400/FF3B30/FFFFFF?text=DSLR+Camera5\"]', '{\"Weight\": \"5kg\", \"Material\": \"Wood\"}', '2025-08-22 00:41:00', '2025-08-22 03:41:00');
INSERT INTO `products` VALUES (119, '高性能游戏本8', '自动生成的商品描述。', 1056.80, 91, 24, 4, 'https://placehold.co/600x400/FF2D55/FFFFFF?text=Gaming+Laptop8', '[\"https://placehold.co/600x400/FF2D55/FFFFFF?text=Gaming+Laptop8\"]', '{\"CPU\": \"Snapdragon 8 Gen 3\", \"RAM\": \"16GB\", \"Storage\": \"128GB\"}', '2025-09-05 14:15:00', '2025-09-06 00:15:00');
INSERT INTO `products` VALUES (120, '旗舰智能手机12', '自动生成的商品描述。', 1876.11, 58, 18, 4, 'https://placehold.co/600x400/34C759/FFFFFF?text=Smartphone12', '[\"https://placehold.co/600x400/34C759/FFFFFF?text=Smartphone12\"]', '{\"CPU\": \"Snapdragon 8 Gen 3\", \"RAM\": \"16GB\", \"Storage\": \"512GB\"}', '2025-08-26 15:47:00', '2025-08-27 01:47:00');
INSERT INTO `products` VALUES (121, '电动牙刷8', '自动生成的商品描述。', 5455.21, 89, 6, 5, 'https://placehold.co/600x400/5856D6/FFFFFF?text=Electric+Toothbrush8', '[\"https://placehold.co/600x400/5856D6/FFFFFF?text=Electric+Toothbrush8\"]', '{\"CPU\": \"Intel Core i7\", \"GPU\": \"NVIDIA RTX 4070\", \"RAM\": \"16GB\"}', '2025-09-06 16:16:00', '2025-09-07 01:16:00');
INSERT INTO `products` VALUES (122, '高性能游戏本2', '自动生成的商品描述。', 3738.03, 77, 23, 5, 'https://placehold.co/600x400/5856D6/FFFFFF?text=Gaming+Laptop2', '[\"https://placehold.co/600x400/5856D6/FFFFFF?text=Gaming+Laptop2\"]', '{\"CPU\": \"Intel Core i7\", \"GPU\": \"NVIDIA RTX 4070\", \"RAM\": \"16GB\"}', '2025-09-04 09:08:00', '2025-09-04 19:08:00');
INSERT INTO `products` VALUES (123, '单反相机6', '自动生成的商品描述。', 1456.96, 41, 14, 3, 'https://placehold.co/600x400/FF9500/FFFFFF?text=DSLR+Camera6', '[\"https://placehold.co/600x400/FF9500/FFFFFF?text=DSLR+Camera6\"]', '{\"Weight\": \"19kg\", \"Material\": \"Plastic\"}', '2025-08-30 21:27:00', '2025-08-31 05:27:00');
INSERT INTO `products` VALUES (124, '电竞椅12', '自动生成的商品描述。', 1223.35, 33, 20, 5, 'https://placehold.co/600x400/34C759/FFFFFF?text=Gaming+Chair12', '[\"https://placehold.co/600x400/34C759/FFFFFF?text=Gaming+Chair12\"]', '{\"CPU\": \"Intel Core i7\", \"GPU\": \"NVIDIA RTX 4070\", \"RAM\": \"16GB\"}', '2025-09-06 21:57:00', '2025-09-07 05:57:00');
INSERT INTO `products` VALUES (125, '咖啡机15', '自动生成的商品描述。', 8324.74, 48, 17, 4, 'https://placehold.co/600x400/FF3B30/FFFFFF?text=Coffee+Machine15', '[\"https://placehold.co/600x400/FF3B30/FFFFFF?text=Coffee+Machine15\"]', '{\"CPU\": \"Snapdragon 8 Gen 3\", \"RAM\": \"12GB\", \"Storage\": \"128GB\"}', '2025-08-24 08:38:00', '2025-08-24 18:38:00');
INSERT INTO `products` VALUES (126, '机械键盘11', '自动生成的商品描述。', 9783.93, 32, 10, 4, 'https://placehold.co/600x400/FF3B30/FFFFFF?text=Mechanical+Keyboard11', '[\"https://placehold.co/600x400/FF3B30/FFFFFF?text=Mechanical+Keyboard11\"]', '{\"CPU\": \"Snapdragon 8 Gen 3\", \"RAM\": \"16GB\", \"Storage\": \"512GB\"}', '2025-08-28 22:51:00', '2025-08-29 04:51:00');
INSERT INTO `products` VALUES (127, '平板电脑10', '自动生成的商品描述。', 1734.82, 92, 5, 5, 'https://placehold.co/600x400/FF2D55/FFFFFF?text=Tablet10', '[\"https://placehold.co/600x400/FF2D55/FFFFFF?text=Tablet10\"]', '{\"CPU\": \"Intel Core i7\", \"GPU\": \"NVIDIA RTX 4070\", \"RAM\": \"16GB\"}', '2025-09-01 12:55:00', '2025-09-01 21:55:00');
INSERT INTO `products` VALUES (128, '无线蓝牙耳机2', '自动生成的商品描述。', 2497.20, 60, 28, 2, 'https://placehold.co/600x400/34C759/FFFFFF?text=Bluetooth+Earbuds2', '[\"https://placehold.co/600x400/34C759/FFFFFF?text=Bluetooth+Earbuds2\"]', '{\"Pages\": 373, \"Author\": \"Various\"}', '2025-09-08 14:55:00', '2025-09-08 18:55:00');
INSERT INTO `products` VALUES (129, '音响系统10', '自动生成的商品描述。', 2091.39, 36, 21, 1, 'https://placehold.co/600x400/FF2D55/FFFFFF?text=Speaker+System10', '[\"https://placehold.co/600x400/FF2D55/FFFFFF?text=Speaker+System10\"]', '{\"Battery\": \"26h\", \"Warranty\": \"2 years\"}', '2025-08-28 13:23:00', '2025-08-28 21:23:00');
INSERT INTO `products` VALUES (130, '智能手表14', '自动生成的商品描述。', 6578.85, 19, 4, 3, 'https://placehold.co/600x400/FF9500/FFFFFF?text=Smart+Watch14', '[\"https://placehold.co/600x400/FF9500/FFFFFF?text=Smart+Watch14\"]', '{\"Weight\": \"5kg\", \"Material\": \"Wood\"}', '2025-09-09 08:17:00', '2025-09-09 17:17:00');
INSERT INTO `products` VALUES (131, '电动牙刷2', '自动生成的商品描述。', 7574.42, 60, 7, 4, 'https://placehold.co/600x400/5856D6/FFFFFF?text=Electric+Toothbrush2', '[\"https://placehold.co/600x400/5856D6/FFFFFF?text=Electric+Toothbrush2\"]', '{\"CPU\": \"Snapdragon 8 Gen 3\", \"RAM\": \"8GB\", \"Storage\": \"512GB\"}', '2025-09-03 03:55:00', '2025-09-03 12:55:00');
INSERT INTO `products` VALUES (132, '平板电脑15', '自动生成的商品描述。', 7156.49, 89, 13, 4, 'https://placehold.co/600x400/34C759/FFFFFF?text=Tablet15', '[\"https://placehold.co/600x400/34C759/FFFFFF?text=Tablet15\"]', '{\"CPU\": \"Snapdragon 8 Gen 3\", \"RAM\": \"8GB\", \"Storage\": \"128GB\"}', '2025-09-03 02:42:00', '2025-09-03 09:42:00');
INSERT INTO `products` VALUES (133, '智能手表12', '自动生成的商品描述。', 3852.47, 72, 13, 1, 'https://placehold.co/600x400/FF3B30/FFFFFF?text=Smart+Watch12', '[\"https://placehold.co/600x400/FF3B30/FFFFFF?text=Smart+Watch12\"]', '{\"Battery\": \"20h\", \"Warranty\": \"2 years\"}', '2025-09-06 04:20:00', '2025-09-06 13:20:00');
INSERT INTO `products` VALUES (134, '人体工学办公椅4', '自动生成的商品描述。', 4360.12, 96, 2, 3, 'https://placehold.co/600x400/34C759/FFFFFF?text=Office+Chair4', '[\"https://placehold.co/600x400/34C759/FFFFFF?text=Office+Chair4\"]', '{\"Weight\": \"7kg\", \"Material\": \"Metal\"}', '2025-09-04 12:07:00', '2025-09-04 13:07:00');
INSERT INTO `products` VALUES (135, '智能手表10', '自动生成的商品描述。', 5433.41, 64, 22, 5, 'https://placehold.co/600x400/34C759/FFFFFF?text=Smart+Watch10', '[\"https://placehold.co/600x400/34C759/FFFFFF?text=Smart+Watch10\"]', '{\"CPU\": \"Intel Core i7\", \"GPU\": \"NVIDIA RTX 4070\", \"RAM\": \"16GB\"}', '2025-08-22 09:44:00', '2025-08-22 14:44:00');
INSERT INTO `products` VALUES (136, '畅销小说套装5', '自动生成的商品描述。', 7546.24, 23, 23, 5, 'https://placehold.co/600x400/FF2D55/FFFFFF?text=Novel+Set5', '[\"https://placehold.co/600x400/FF2D55/FFFFFF?text=Novel+Set5\"]', '{\"CPU\": \"Intel Core i7\", \"GPU\": \"NVIDIA RTX 4070\", \"RAM\": \"16GB\"}', '2025-09-02 22:40:00', '2025-09-03 06:40:00');
INSERT INTO `products` VALUES (137, '折叠屏手机1', '自动生成的商品描述。', 3948.49, 61, 11, 3, 'https://placehold.co/600x400/34C759/FFFFFF?text=Foldable+Phone1', '[\"https://placehold.co/600x400/34C759/FFFFFF?text=Foldable+Phone1\"]', '{\"Weight\": \"10kg\", \"Material\": \"Metal\"}', '2025-08-25 06:41:00', '2025-08-25 08:41:00');
INSERT INTO `products` VALUES (138, '人体工学办公椅15', '自动生成的商品描述。', 5094.72, 62, 10, 1, 'https://placehold.co/600x400/FF9500/FFFFFF?text=Office+Chair15', '[\"https://placehold.co/600x400/FF9500/FFFFFF?text=Office+Chair15\"]', '{\"Battery\": \"16h\", \"Warranty\": \"2 years\"}', '2025-08-20 12:34:00', '2025-08-20 18:34:00');
INSERT INTO `products` VALUES (139, '扫地机器人13', '自动生成的商品描述。', 8454.81, 17, 27, 5, 'https://placehold.co/600x400/FF2D55/FFFFFF?text=Robot+Vacuum13', '[\"https://placehold.co/600x400/FF2D55/FFFFFF?text=Robot+Vacuum13\"]', '{\"CPU\": \"Intel Core i7\", \"GPU\": \"NVIDIA RTX 4070\", \"RAM\": \"16GB\"}', '2025-09-06 20:23:00', '2025-09-07 06:23:00');
INSERT INTO `products` VALUES (140, '平板电脑13', '自动生成的商品描述。', 1047.17, 89, 1, 3, 'https://placehold.co/600x400/FF9500/FFFFFF?text=Tablet13', '[\"https://placehold.co/600x400/FF9500/FFFFFF?text=Tablet13\"]', '{\"Weight\": \"14kg\", \"Material\": \"Metal\"}', '2025-09-06 11:00:00', '2025-09-06 13:00:00');
INSERT INTO `products` VALUES (141, '智能手表3', '自动生成的商品描述。', 7464.83, 80, 20, 5, 'https://placehold.co/600x400/FF3B30/FFFFFF?text=Smart+Watch3', '[\"https://placehold.co/600x400/FF3B30/FFFFFF?text=Smart+Watch3\"]', '{\"CPU\": \"Intel Core i7\", \"GPU\": \"NVIDIA RTX 4070\", \"RAM\": \"16GB\"}', '2025-08-29 10:48:00', '2025-08-29 17:48:00');
INSERT INTO `products` VALUES (142, '咖啡机4', '自动生成的商品描述。', 1482.69, 32, 17, 1, 'https://placehold.co/600x400/5856D6/FFFFFF?text=Coffee+Machine4', '[\"https://placehold.co/600x400/5856D6/FFFFFF?text=Coffee+Machine4\"]', '{\"Battery\": \"22h\", \"Warranty\": \"2 years\"}', '2025-09-08 13:21:00', '2025-09-08 17:21:00');
INSERT INTO `products` VALUES (143, '折叠屏手机4', '自动生成的商品描述。', 6191.56, 14, 9, 3, 'https://placehold.co/600x400/FF3B30/FFFFFF?text=Foldable+Phone4', '[\"https://placehold.co/600x400/FF3B30/FFFFFF?text=Foldable+Phone4\"]', '{\"Weight\": \"4kg\", \"Material\": \"Wood\"}', '2025-08-20 04:13:00', '2025-08-20 07:13:00');
INSERT INTO `products` VALUES (144, '扫地机器人9', '自动生成的商品描述。', 3062.69, 11, 10, 1, 'https://placehold.co/600x400/FF9500/FFFFFF?text=Robot+Vacuum9', '[\"https://placehold.co/600x400/FF9500/FFFFFF?text=Robot+Vacuum9\"]', '{\"Battery\": \"29h\", \"Warranty\": \"2 years\"}', '2025-09-02 19:12:00', '2025-09-03 05:12:00');
INSERT INTO `products` VALUES (145, '单反相机8', '自动生成的商品描述。', 8949.44, 15, 21, 5, 'https://placehold.co/600x400/FF9500/FFFFFF?text=DSLR+Camera8', '[\"https://placehold.co/600x400/FF9500/FFFFFF?text=DSLR+Camera8\"]', '{\"CPU\": \"Intel Core i7\", \"GPU\": \"NVIDIA RTX 4070\", \"RAM\": \"16GB\"}', '2025-09-01 23:36:00', '2025-09-02 00:36:00');
INSERT INTO `products` VALUES (146, '台灯10', '自动生成的商品描述。', 7350.30, 34, 25, 2, 'https://placehold.co/600x400/FF3B30/FFFFFF?text=Desk+Lamp10', '[\"https://placehold.co/600x400/FF3B30/FFFFFF?text=Desk+Lamp10\"]', '{\"Pages\": 238, \"Author\": \"Various\"}', '2025-08-24 23:32:00', '2025-08-25 07:32:00');
INSERT INTO `products` VALUES (147, '单反相机12', '自动生成的商品描述。', 105.96, 44, 21, 1, 'https://placehold.co/600x400/FF2D55/FFFFFF?text=DSLR+Camera12', '[\"https://placehold.co/600x400/FF2D55/FFFFFF?text=DSLR+Camera12\"]', '{\"Battery\": \"14h\", \"Warranty\": \"2 years\"}', '2025-08-31 10:50:00', '2025-08-31 11:50:00');
INSERT INTO `products` VALUES (148, '音响系统3', '自动生成的商品描述。', 3144.55, 89, 28, 3, 'https://placehold.co/600x400/FF2D55/FFFFFF?text=Speaker+System3', '[\"https://placehold.co/600x400/FF2D55/FFFFFF?text=Speaker+System3\"]', '{\"Weight\": \"3kg\", \"Material\": \"Metal\"}', '2025-08-27 09:54:00', '2025-08-27 12:54:00');
INSERT INTO `products` VALUES (149, '扫地机器人12', '自动生成的商品描述。', 4212.03, 51, 11, 1, 'https://placehold.co/600x400/FF3B30/FFFFFF?text=Robot+Vacuum12', '[\"https://placehold.co/600x400/FF3B30/FFFFFF?text=Robot+Vacuum12\"]', '{\"Battery\": \"16h\", \"Warranty\": \"2 years\"}', '2025-09-09 04:59:00', '2025-09-09 05:59:00');
INSERT INTO `products` VALUES (150, '路由器9', '自动生成的商品描述。', 3123.25, 49, 1, 5, 'https://placehold.co/600x400/FF9500/FFFFFF?text=WiFi+Router9', '[\"https://placehold.co/600x400/FF9500/FFFFFF?text=WiFi+Router9\"]', '{\"CPU\": \"Intel Core i7\", \"GPU\": \"NVIDIA RTX 4070\", \"RAM\": \"16GB\"}', '2025-09-06 12:05:00', '2025-09-06 21:05:00');
INSERT INTO `products` VALUES (151, '小说精选13', '自动生成的商品描述。', 9190.25, 43, 23, 2, 'https://placehold.co/600x400/FF9500/FFFFFF?text=Novel+Collection13', '[\"https://placehold.co/600x400/FF9500/FFFFFF?text=Novel+Collection13\"]', '{\"Pages\": 487, \"Author\": \"Various\"}', '2025-08-27 02:51:00', '2025-08-27 09:51:00');
INSERT INTO `products` VALUES (152, '空气净化器11', '自动生成的商品描述。', 8053.16, 28, 16, 2, 'https://placehold.co/600x400/34C759/FFFFFF?text=Air+Purifier11', '[\"https://placehold.co/600x400/34C759/FFFFFF?text=Air+Purifier11\"]', '{\"Pages\": 488, \"Author\": \"Various\"}', '2025-08-25 03:36:00', '2025-08-25 06:36:00');
INSERT INTO `products` VALUES (153, '机械键盘14', '自动生成的商品描述。', 1383.13, 13, 21, 5, 'https://placehold.co/600x400/5856D6/FFFFFF?text=Mechanical+Keyboard14', '[\"https://placehold.co/600x400/5856D6/FFFFFF?text=Mechanical+Keyboard14\"]', '{\"CPU\": \"Intel Core i7\", \"GPU\": \"NVIDIA RTX 4070\", \"RAM\": \"16GB\"}', '2025-09-09 19:41:00', '2025-09-10 01:41:00');
INSERT INTO `products` VALUES (154, '平板电脑12', '自动生成的商品描述。', 6468.30, 72, 25, 4, 'https://placehold.co/600x400/FF9500/FFFFFF?text=Tablet12', '[\"https://placehold.co/600x400/FF9500/FFFFFF?text=Tablet12\"]', '{\"CPU\": \"Snapdragon 8 Gen 3\", \"RAM\": \"8GB\", \"Storage\": \"256GB\"}', '2025-08-22 01:32:00', '2025-08-22 05:32:00');
INSERT INTO `products` VALUES (155, '人体工学办公椅5', '自动生成的商品描述。', 1764.74, 32, 9, 5, 'https://placehold.co/600x400/FF3B30/FFFFFF?text=Office+Chair5', '[\"https://placehold.co/600x400/FF3B30/FFFFFF?text=Office+Chair5\"]', '{\"CPU\": \"Intel Core i7\", \"GPU\": \"NVIDIA RTX 4070\", \"RAM\": \"16GB\"}', '2025-08-30 18:36:00', '2025-08-30 19:36:00');
INSERT INTO `products` VALUES (156, '单反相机4', '自动生成的商品描述。', 3599.46, 55, 19, 3, 'https://placehold.co/600x400/FF3B30/FFFFFF?text=DSLR+Camera4', '[\"https://placehold.co/600x400/FF3B30/FFFFFF?text=DSLR+Camera4\"]', '{\"Weight\": \"15kg\", \"Material\": \"Wood\"}', '2025-09-07 23:58:00', '2025-09-08 03:58:00');
INSERT INTO `products` VALUES (157, '音响系统1', '自动生成的商品描述。', 2090.21, 89, 3, 1, 'https://placehold.co/600x400/FF9500/FFFFFF?text=Speaker+System1', '[\"https://placehold.co/600x400/FF9500/FFFFFF?text=Speaker+System1\"]', '{\"Battery\": \"15h\", \"Warranty\": \"2 years\"}', '2025-09-03 12:53:00', '2025-09-03 14:53:00');
INSERT INTO `products` VALUES (158, '智能手表2', '自动生成的商品描述。', 4954.34, 93, 7, 4, 'https://placehold.co/600x400/FF2D55/FFFFFF?text=Smart+Watch2', '[\"https://placehold.co/600x400/FF2D55/FFFFFF?text=Smart+Watch2\"]', '{\"CPU\": \"Snapdragon 8 Gen 3\", \"RAM\": \"8GB\", \"Storage\": \"256GB\"}', '2025-09-05 19:34:00', '2025-09-06 03:34:00');
INSERT INTO `products` VALUES (159, '智能手表15', '自动生成的商品描述。', 6364.39, 98, 17, 3, 'https://placehold.co/600x400/FF2D55/FFFFFF?text=Smart+Watch15', '[\"https://placehold.co/600x400/FF2D55/FFFFFF?text=Smart+Watch15\"]', '{\"Weight\": \"3kg\", \"Material\": \"Plastic\"}', '2025-09-09 05:35:00', '2025-09-09 09:35:00');
INSERT INTO `products` VALUES (160, '平板电脑6', '自动生成的商品描述。', 5031.19, 93, 28, 1, 'https://placehold.co/600x400/FF2D55/FFFFFF?text=Tablet6', '[\"https://placehold.co/600x400/FF2D55/FFFFFF?text=Tablet6\"]', '{\"Battery\": \"11h\", \"Warranty\": \"2 years\"}', '2025-08-27 06:47:00', '2025-08-27 14:47:00');
INSERT INTO `products` VALUES (161, '折叠屏手机13', '自动生成的商品描述。', 5297.38, 24, 0, 5, 'https://placehold.co/600x400/FF2D55/FFFFFF?text=Foldable+Phone13', '[\"https://placehold.co/600x400/FF2D55/FFFFFF?text=Foldable+Phone13\"]', '{\"CPU\": \"Intel Core i7\", \"GPU\": \"NVIDIA RTX 4070\", \"RAM\": \"16GB\"}', '2025-09-08 23:37:00', '2025-09-09 03:37:00');
INSERT INTO `products` VALUES (162, '人体工学办公椅7', '自动生成的商品描述。', 8234.02, 34, 29, 3, 'https://placehold.co/600x400/5856D6/FFFFFF?text=Office+Chair7', '[\"https://placehold.co/600x400/5856D6/FFFFFF?text=Office+Chair7\"]', '{\"Weight\": \"19kg\", \"Material\": \"Plastic\"}', '2025-09-05 21:13:00', '2025-09-06 00:13:00');
INSERT INTO `products` VALUES (163, '旗舰智能手机9', '自动生成的商品描述。', 9533.76, 65, 18, 4, 'https://placehold.co/600x400/5856D6/FFFFFF?text=Smartphone9', '[\"https://placehold.co/600x400/5856D6/FFFFFF?text=Smartphone9\"]', '{\"CPU\": \"Snapdragon 8 Gen 3\", \"RAM\": \"16GB\", \"Storage\": \"512GB\"}', '2025-08-21 01:35:00', '2025-08-21 06:35:00');
INSERT INTO `products` VALUES (164, '咖啡机3', '自动生成的商品描述。', 5270.88, 29, 18, 2, 'https://placehold.co/600x400/34C759/FFFFFF?text=Coffee+Machine3', '[\"https://placehold.co/600x400/34C759/FFFFFF?text=Coffee+Machine3\"]', '{\"Pages\": 608, \"Author\": \"Various\"}', '2025-09-01 14:19:00', '2025-09-01 23:19:00');
INSERT INTO `products` VALUES (165, '空气净化器4', '自动生成的商品描述。', 1898.18, 78, 28, 3, 'https://placehold.co/600x400/FF9500/FFFFFF?text=Air+Purifier4', '[\"https://placehold.co/600x400/FF9500/FFFFFF?text=Air+Purifier4\"]', '{\"Weight\": \"15kg\", \"Material\": \"Metal\"}', '2025-09-02 06:49:00', '2025-09-02 15:49:00');
INSERT INTO `products` VALUES (166, '音响系统4', '自动生成的商品描述。', 8029.06, 79, 18, 5, 'https://placehold.co/600x400/34C759/FFFFFF?text=Speaker+System4', '[\"https://placehold.co/600x400/34C759/FFFFFF?text=Speaker+System4\"]', '{\"CPU\": \"Intel Core i7\", \"GPU\": \"NVIDIA RTX 4070\", \"RAM\": \"16GB\"}', '2025-09-01 01:28:00', '2025-09-01 04:28:00');
INSERT INTO `products` VALUES (167, '电竞椅15', '自动生成的商品描述。', 9704.48, 86, 30, 3, 'https://placehold.co/600x400/5856D6/FFFFFF?text=Gaming+Chair15', '[\"https://placehold.co/600x400/5856D6/FFFFFF?text=Gaming+Chair15\"]', '{\"Weight\": \"16kg\", \"Material\": \"Wood\"}', '2025-08-29 04:40:00', '2025-08-29 08:40:00');
INSERT INTO `products` VALUES (168, '空气净化器7', '自动生成的商品描述。', 5082.82, 93, 23, 2, 'https://placehold.co/600x400/5856D6/FFFFFF?text=Air+Purifier7', '[\"https://placehold.co/600x400/5856D6/FFFFFF?text=Air+Purifier7\"]', '{\"Pages\": 721, \"Author\": \"Various\"}', '2025-09-01 13:24:00', '2025-09-01 16:24:00');
INSERT INTO `products` VALUES (169, '机械键盘2', '自动生成的商品描述。', 702.81, 50, 9, 4, 'https://placehold.co/600x400/FF9500/FFFFFF?text=Mechanical+Keyboard2', '[\"https://placehold.co/600x400/FF9500/FFFFFF?text=Mechanical+Keyboard2\"]', '{\"CPU\": \"Snapdragon 8 Gen 3\", \"RAM\": \"16GB\", \"Storage\": \"256GB\"}', '2025-08-24 00:27:00', '2025-08-24 09:27:00');
INSERT INTO `products` VALUES (170, '咖啡机13', '自动生成的商品描述。', 1029.53, 54, 10, 4, 'https://placehold.co/600x400/FF3B30/FFFFFF?text=Coffee+Machine13', '[\"https://placehold.co/600x400/FF3B30/FFFFFF?text=Coffee+Machine13\"]', '{\"CPU\": \"Snapdragon 8 Gen 3\", \"RAM\": \"12GB\", \"Storage\": \"512GB\"}', '2025-08-30 10:51:00', '2025-08-30 13:51:00');
INSERT INTO `products` VALUES (171, '电动牙刷5', '自动生成的商品描述。', 4715.07, 16, 12, 3, 'https://placehold.co/600x400/FF3B30/FFFFFF?text=Electric+Toothbrush5', '[\"https://placehold.co/600x400/FF3B30/FFFFFF?text=Electric+Toothbrush5\"]', '{\"Weight\": \"14kg\", \"Material\": \"Plastic\"}', '2025-09-02 06:04:00', '2025-09-02 10:04:00');
INSERT INTO `products` VALUES (172, '平板电脑1', '自动生成的商品描述。', 2478.90, 65, 7, 4, 'https://placehold.co/600x400/FF9500/FFFFFF?text=Tablet1', '[\"https://placehold.co/600x400/FF9500/FFFFFF?text=Tablet1\"]', '{\"CPU\": \"Snapdragon 8 Gen 3\", \"RAM\": \"8GB\", \"Storage\": \"512GB\"}', '2025-08-25 07:24:00', '2025-08-25 15:24:00');
INSERT INTO `products` VALUES (173, '机械键盘13', '自动生成的商品描述。', 3460.48, 90, 12, 2, 'https://placehold.co/600x400/34C759/FFFFFF?text=Mechanical+Keyboard13', '[\"https://placehold.co/600x400/34C759/FFFFFF?text=Mechanical+Keyboard13\"]', '{\"Pages\": 586, \"Author\": \"Various\"}', '2025-08-23 20:52:00', '2025-08-23 23:52:00');
INSERT INTO `products` VALUES (174, '智能手表1', '自动生成的商品描述。', 5946.39, 66, 11, 1, 'https://placehold.co/600x400/FF9500/FFFFFF?text=Smart+Watch1', '[\"https://placehold.co/600x400/FF9500/FFFFFF?text=Smart+Watch1\"]', '{\"Battery\": \"16h\", \"Warranty\": \"2 years\"}', '2025-08-22 14:53:00', '2025-08-22 15:53:00');
INSERT INTO `products` VALUES (175, '畅销小说套装13', '自动生成的商品描述。', 3238.76, 61, 1, 2, 'https://placehold.co/600x400/34C759/FFFFFF?text=Novel+Set13', '[\"https://placehold.co/600x400/34C759/FFFFFF?text=Novel+Set13\"]', '{\"Pages\": 749, \"Author\": \"Various\"}', '2025-08-28 02:52:00', '2025-08-28 04:52:00');
INSERT INTO `products` VALUES (176, '人体工学办公椅10', '自动生成的商品描述。', 7725.72, 58, 7, 5, 'https://placehold.co/600x400/5856D6/FFFFFF?text=Office+Chair10', '[\"https://placehold.co/600x400/5856D6/FFFFFF?text=Office+Chair10\"]', '{\"CPU\": \"Intel Core i7\", \"GPU\": \"NVIDIA RTX 4070\", \"RAM\": \"16GB\"}', '2025-08-30 19:03:00', '2025-08-31 01:03:00');
INSERT INTO `products` VALUES (177, '智能手表6', '自动生成的商品描述。', 733.42, 34, 13, 4, 'https://placehold.co/600x400/FF3B30/FFFFFF?text=Smart+Watch6', '[\"https://placehold.co/600x400/FF3B30/FFFFFF?text=Smart+Watch6\"]', '{\"CPU\": \"Snapdragon 8 Gen 3\", \"RAM\": \"16GB\", \"Storage\": \"128GB\"}', '2025-09-01 09:25:00', '2025-09-01 11:25:00');
INSERT INTO `products` VALUES (178, '电竞椅14', '自动生成的商品描述。', 7029.58, 14, 1, 3, 'https://placehold.co/600x400/FF2D55/FFFFFF?text=Gaming+Chair14', '[\"https://placehold.co/600x400/FF2D55/FFFFFF?text=Gaming+Chair14\"]', '{\"Weight\": \"13kg\", \"Material\": \"Metal\"}', '2025-08-26 05:19:00', '2025-08-26 13:19:00');
INSERT INTO `products` VALUES (179, '平板电脑8', '自动生成的商品描述。', 8259.23, 13, 22, 3, 'https://placehold.co/600x400/5856D6/FFFFFF?text=Tablet8', '[\"https://placehold.co/600x400/5856D6/FFFFFF?text=Tablet8\"]', '{\"Weight\": \"6kg\", \"Material\": \"Wood\"}', '2025-08-28 10:44:00', '2025-08-28 13:44:00');
INSERT INTO `products` VALUES (180, '4K显示器9', '自动生成的商品描述。', 5604.60, 36, 27, 4, 'https://placehold.co/600x400/34C759/FFFFFF?text=4K+Monitor9', '[\"https://placehold.co/600x400/34C759/FFFFFF?text=4K+Monitor9\"]', '{\"CPU\": \"Snapdragon 8 Gen 3\", \"RAM\": \"16GB\", \"Storage\": \"512GB\"}', '2025-09-01 11:09:00', '2025-09-01 17:09:00');
INSERT INTO `products` VALUES (181, '旗舰智能手机6', '自动生成的商品描述。', 5573.40, 71, 6, 5, 'https://placehold.co/600x400/34C759/FFFFFF?text=Smartphone6', '[\"https://placehold.co/600x400/34C759/FFFFFF?text=Smartphone6\"]', '{\"CPU\": \"Intel Core i7\", \"GPU\": \"NVIDIA RTX 4070\", \"RAM\": \"16GB\"}', '2025-08-22 12:27:00', '2025-08-22 19:27:00');
INSERT INTO `products` VALUES (182, '4K显示器14', '自动生成的商品描述。', 3956.08, 28, 17, 4, 'https://placehold.co/600x400/34C759/FFFFFF?text=4K+Monitor14', '[\"https://placehold.co/600x400/34C759/FFFFFF?text=4K+Monitor14\"]', '{\"CPU\": \"Snapdragon 8 Gen 3\", \"RAM\": \"8GB\", \"Storage\": \"128GB\"}', '2025-08-23 10:58:00', '2025-08-23 14:58:00');
INSERT INTO `products` VALUES (183, '无线蓝牙耳机1', '自动生成的商品描述。', 3804.57, 37, 4, 2, 'https://placehold.co/600x400/FF3B30/FFFFFF?text=Bluetooth+Earbuds1', '[\"https://placehold.co/600x400/FF3B30/FFFFFF?text=Bluetooth+Earbuds1\"]', '{\"Pages\": 465, \"Author\": \"Various\"}', '2025-08-22 15:43:00', '2025-08-23 01:43:00');
INSERT INTO `products` VALUES (184, '畅销小说套装2', '自动生成的商品描述。', 863.49, 87, 6, 3, 'https://placehold.co/600x400/FF3B30/FFFFFF?text=Novel+Set2', '[\"https://placehold.co/600x400/FF3B30/FFFFFF?text=Novel+Set2\"]', '{\"Weight\": \"16kg\", \"Material\": \"Wood\"}', '2025-09-08 10:11:00', '2025-09-08 19:11:00');
INSERT INTO `products` VALUES (185, '4K显示器7', '自动生成的商品描述。', 6082.29, 86, 4, 4, 'https://placehold.co/600x400/FF3B30/FFFFFF?text=4K+Monitor7', '[\"https://placehold.co/600x400/FF3B30/FFFFFF?text=4K+Monitor7\"]', '{\"CPU\": \"Snapdragon 8 Gen 3\", \"RAM\": \"8GB\", \"Storage\": \"128GB\"}', '2025-09-06 08:28:00', '2025-09-06 12:28:00');
INSERT INTO `products` VALUES (186, '扫地机器人10', '自动生成的商品描述。', 135.55, 14, 22, 2, 'https://placehold.co/600x400/FF2D55/FFFFFF?text=Robot+Vacuum10', '[\"https://placehold.co/600x400/FF2D55/FFFFFF?text=Robot+Vacuum10\"]', '{\"Pages\": 709, \"Author\": \"Various\"}', '2025-08-28 16:44:00', '2025-08-29 01:44:00');
INSERT INTO `products` VALUES (187, '4K显示器1', '自动生成的商品描述。', 7491.59, 59, 30, 1, 'https://placehold.co/600x400/FF2D55/FFFFFF?text=4K+Monitor1', '[\"https://placehold.co/600x400/FF2D55/FFFFFF?text=4K+Monitor1\"]', '{\"Battery\": \"23h\", \"Warranty\": \"2 years\"}', '2025-09-06 09:53:00', '2025-09-06 14:53:00');
INSERT INTO `products` VALUES (188, '畅销小说套装11', '自动生成的商品描述。', 1728.43, 61, 19, 2, 'https://placehold.co/600x400/5856D6/FFFFFF?text=Novel+Set11', '[\"https://placehold.co/600x400/5856D6/FFFFFF?text=Novel+Set11\"]', '{\"Pages\": 659, \"Author\": \"Various\"}', '2025-08-24 01:48:00', '2025-08-24 06:48:00');
INSERT INTO `products` VALUES (189, '4K显示器11', '自动生成的商品描述。', 779.24, 36, 14, 5, 'https://placehold.co/600x400/FF9500/FFFFFF?text=4K+Monitor11', '[\"https://placehold.co/600x400/FF9500/FFFFFF?text=4K+Monitor11\"]', '{\"CPU\": \"Intel Core i7\", \"GPU\": \"NVIDIA RTX 4070\", \"RAM\": \"16GB\"}', '2025-08-29 06:44:00', '2025-08-29 12:44:00');
INSERT INTO `products` VALUES (190, '4K显示器2', '自动生成的商品描述。', 7406.49, 79, 23, 3, 'https://placehold.co/600x400/FF9500/FFFFFF?text=4K+Monitor2', '[\"https://placehold.co/600x400/FF9500/FFFFFF?text=4K+Monitor2\"]', '{\"Weight\": \"18kg\", \"Material\": \"Metal\"}', '2025-08-20 04:08:00', '2025-08-20 05:08:00');
INSERT INTO `products` VALUES (191, '机械键盘10', '自动生成的商品描述。', 2514.22, 99, 20, 4, 'https://placehold.co/600x400/34C759/FFFFFF?text=Mechanical+Keyboard10', '[\"https://placehold.co/600x400/34C759/FFFFFF?text=Mechanical+Keyboard10\"]', '{\"CPU\": \"Snapdragon 8 Gen 3\", \"RAM\": \"16GB\", \"Storage\": \"512GB\"}', '2025-08-21 17:20:00', '2025-08-22 01:20:00');
INSERT INTO `products` VALUES (192, '咖啡机6', '自动生成的商品描述。', 6643.61, 47, 5, 3, 'https://placehold.co/600x400/FF3B30/FFFFFF?text=Coffee+Machine6', '[\"https://placehold.co/600x400/FF3B30/FFFFFF?text=Coffee+Machine6\"]', '{\"Weight\": \"9kg\", \"Material\": \"Metal\"}', '2025-08-26 15:01:00', '2025-08-27 00:01:00');
INSERT INTO `products` VALUES (193, '空气净化器8', '自动生成的商品描述。', 2896.52, 43, 0, 4, 'https://placehold.co/600x400/5856D6/FFFFFF?text=Air+Purifier8', '[\"https://placehold.co/600x400/5856D6/FFFFFF?text=Air+Purifier8\"]', '{\"CPU\": \"Snapdragon 8 Gen 3\", \"RAM\": \"8GB\", \"Storage\": \"128GB\"}', '2025-09-05 17:33:00', '2025-09-05 22:33:00');
INSERT INTO `products` VALUES (194, '小说精选7', '自动生成的商品描述。', 5412.86, 89, 2, 3, 'https://placehold.co/600x400/FF9500/FFFFFF?text=Novel+Collection7', '[\"https://placehold.co/600x400/FF9500/FFFFFF?text=Novel+Collection7\"]', '{\"Weight\": \"10kg\", \"Material\": \"Metal\"}', '2025-08-26 18:11:00', '2025-08-27 01:11:00');
INSERT INTO `products` VALUES (195, '折叠屏手机8', '自动生成的商品描述。', 2697.41, 70, 18, 3, 'https://placehold.co/600x400/34C759/FFFFFF?text=Foldable+Phone8', '[\"https://placehold.co/600x400/34C759/FFFFFF?text=Foldable+Phone8\"]', '{\"Weight\": \"6kg\", \"Material\": \"Metal\"}', '2025-08-28 02:52:00', '2025-08-28 11:52:00');
INSERT INTO `products` VALUES (196, '人体工学办公椅2', '自动生成的商品描述。', 6680.58, 48, 13, 4, 'https://placehold.co/600x400/5856D6/FFFFFF?text=Office+Chair2', '[\"https://placehold.co/600x400/5856D6/FFFFFF?text=Office+Chair2\"]', '{\"CPU\": \"Snapdragon 8 Gen 3\", \"RAM\": \"12GB\", \"Storage\": \"128GB\"}', '2025-09-03 04:57:00', '2025-09-03 09:57:00');
INSERT INTO `products` VALUES (197, '台灯1', '自动生成的商品描述。', 3759.85, 35, 5, 3, 'https://placehold.co/600x400/5856D6/FFFFFF?text=Desk+Lamp1', '[\"https://placehold.co/600x400/5856D6/FFFFFF?text=Desk+Lamp1\"]', '{\"Weight\": \"4kg\", \"Material\": \"Plastic\"}', '2025-09-01 18:26:00', '2025-09-02 04:26:00');
INSERT INTO `products` VALUES (198, '台灯14', '自动生成的商品描述。', 2832.83, 33, 5, 4, 'https://placehold.co/600x400/34C759/FFFFFF?text=Desk+Lamp14', '[\"https://placehold.co/600x400/34C759/FFFFFF?text=Desk+Lamp14\"]', '{\"CPU\": \"Snapdragon 8 Gen 3\", \"RAM\": \"12GB\", \"Storage\": \"256GB\"}', '2025-08-20 00:23:00', '2025-08-20 02:23:00');
INSERT INTO `products` VALUES (199, '折叠屏手机3', '自动生成的商品描述。', 9209.67, 14, 8, 1, 'https://placehold.co/600x400/FF2D55/FFFFFF?text=Foldable+Phone3', '[\"https://placehold.co/600x400/FF2D55/FFFFFF?text=Foldable+Phone3\"]', '{\"Battery\": \"12h\", \"Warranty\": \"2 years\"}', '2025-09-08 00:48:00', '2025-09-08 08:48:00');
INSERT INTO `products` VALUES (200, '畅销小说套装1', '自动生成的商品描述。', 7024.80, 13, 28, 1, 'https://placehold.co/600x400/34C759/FFFFFF?text=Novel+Set1', '[\"https://placehold.co/600x400/34C759/FFFFFF?text=Novel+Set1\"]', '{\"Battery\": \"10h\", \"Warranty\": \"2 years\"}', '2025-09-05 06:11:00', '2025-09-05 12:11:00');
INSERT INTO `products` VALUES (201, '音响系统9', '自动生成的商品描述。', 1329.84, 86, 3, 1, 'https://placehold.co/600x400/FF3B30/FFFFFF?text=Speaker+System9', '[\"https://placehold.co/600x400/FF3B30/FFFFFF?text=Speaker+System9\"]', '{\"Battery\": \"20h\", \"Warranty\": \"2 years\"}', '2025-09-04 14:15:00', '2025-09-04 21:15:00');
INSERT INTO `products` VALUES (202, '无线蓝牙耳机7', '自动生成的商品描述。', 7336.50, 72, 18, 1, 'https://placehold.co/600x400/FF3B30/FFFFFF?text=Bluetooth+Earbuds7', '[\"https://placehold.co/600x400/FF3B30/FFFFFF?text=Bluetooth+Earbuds7\"]', '{\"Battery\": \"26h\", \"Warranty\": \"2 years\"}', '2025-09-09 11:00:00', '2025-09-09 19:00:00');
INSERT INTO `products` VALUES (203, '台灯4', '自动生成的商品描述。', 3836.99, 38, 30, 1, 'https://placehold.co/600x400/FF2D55/FFFFFF?text=Desk+Lamp4', '[\"https://placehold.co/600x400/FF2D55/FFFFFF?text=Desk+Lamp4\"]', '{\"Battery\": \"30h\", \"Warranty\": \"2 years\"}', '2025-09-03 01:25:00', '2025-09-03 02:25:00');
INSERT INTO `products` VALUES (204, '扫地机器人3', '自动生成的商品描述。', 5164.75, 39, 28, 5, 'https://placehold.co/600x400/5856D6/FFFFFF?text=Robot+Vacuum3', '[\"https://placehold.co/600x400/5856D6/FFFFFF?text=Robot+Vacuum3\"]', '{\"CPU\": \"Intel Core i7\", \"GPU\": \"NVIDIA RTX 4070\", \"RAM\": \"16GB\"}', '2025-09-01 10:52:00', '2025-09-01 11:52:00');
INSERT INTO `products` VALUES (205, '电动牙刷1', '自动生成的商品描述。', 5954.20, 36, 25, 5, 'https://placehold.co/600x400/FF3B30/FFFFFF?text=Electric+Toothbrush1', '[\"https://placehold.co/600x400/FF3B30/FFFFFF?text=Electric+Toothbrush1\"]', '{\"CPU\": \"Intel Core i7\", \"GPU\": \"NVIDIA RTX 4070\", \"RAM\": \"16GB\"}', '2025-09-05 20:17:00', '2025-09-06 05:17:00');
INSERT INTO `products` VALUES (206, '无线蓝牙耳机13', '自动生成的商品描述。', 7735.82, 97, 8, 2, 'https://placehold.co/600x400/5856D6/FFFFFF?text=Bluetooth+Earbuds13', '[\"https://placehold.co/600x400/5856D6/FFFFFF?text=Bluetooth+Earbuds13\"]', '{\"Pages\": 536, \"Author\": \"Various\"}', '2025-08-23 02:50:00', '2025-08-23 09:50:00');
INSERT INTO `products` VALUES (207, '空气净化器1', '自动生成的商品描述。', 3488.11, 73, 4, 3, 'https://placehold.co/600x400/34C759/FFFFFF?text=Air+Purifier1', '[\"https://placehold.co/600x400/34C759/FFFFFF?text=Air+Purifier1\"]', '{\"Weight\": \"2kg\", \"Material\": \"Metal\"}', '2025-08-31 11:15:00', '2025-08-31 16:15:00');
INSERT INTO `products` VALUES (208, '折叠屏手机11', '自动生成的商品描述。', 8435.50, 66, 20, 1, 'https://placehold.co/600x400/FF3B30/FFFFFF?text=Foldable+Phone11', '[\"https://placehold.co/600x400/FF3B30/FFFFFF?text=Foldable+Phone11\"]', '{\"Battery\": \"20h\", \"Warranty\": \"2 years\"}', '2025-08-21 17:36:00', '2025-08-21 22:36:00');
INSERT INTO `products` VALUES (209, '智能手表8', '自动生成的商品描述。', 7581.88, 16, 30, 2, 'https://placehold.co/600x400/FF9500/FFFFFF?text=Smart+Watch8', '[\"https://placehold.co/600x400/FF9500/FFFFFF?text=Smart+Watch8\"]', '{\"Pages\": 849, \"Author\": \"Various\"}', '2025-08-23 06:42:00', '2025-08-23 07:42:00');
INSERT INTO `products` VALUES (210, '高性能游戏本4', '自动生成的商品描述。', 5053.46, 72, 17, 1, 'https://placehold.co/600x400/FF2D55/FFFFFF?text=Gaming+Laptop4', '[\"https://placehold.co/600x400/FF2D55/FFFFFF?text=Gaming+Laptop4\"]', '{\"Battery\": \"20h\", \"Warranty\": \"2 years\"}', '2025-09-06 04:42:00', '2025-09-06 14:42:00');
INSERT INTO `products` VALUES (211, '路由器7', '自动生成的商品描述。', 8481.90, 80, 7, 1, 'https://placehold.co/600x400/5856D6/FFFFFF?text=WiFi+Router7', '[\"https://placehold.co/600x400/5856D6/FFFFFF?text=WiFi+Router7\"]', '{\"Battery\": \"15h\", \"Warranty\": \"2 years\"}', '2025-09-02 19:27:00', '2025-09-03 02:27:00');
INSERT INTO `products` VALUES (212, '无线蓝牙耳机11', '自动生成的商品描述。', 1544.18, 47, 6, 3, 'https://placehold.co/600x400/5856D6/FFFFFF?text=Bluetooth+Earbuds11', '[\"https://placehold.co/600x400/5856D6/FFFFFF?text=Bluetooth+Earbuds11\"]', '{\"Weight\": \"13kg\", \"Material\": \"Plastic\"}', '2025-08-27 05:55:00', '2025-08-27 11:55:00');
INSERT INTO `products` VALUES (213, '4K显示器3', '自动生成的商品描述。', 3711.82, 12, 21, 2, 'https://placehold.co/600x400/5856D6/FFFFFF?text=4K+Monitor3', '[\"https://placehold.co/600x400/5856D6/FFFFFF?text=4K+Monitor3\"]', '{\"Pages\": 406, \"Author\": \"Various\"}', '2025-08-23 15:21:00', '2025-08-24 01:21:00');
INSERT INTO `products` VALUES (214, '旗舰智能手机5', '自动生成的商品描述。', 2267.22, 79, 3, 4, 'https://placehold.co/600x400/FF9500/FFFFFF?text=Smartphone5', '[\"https://placehold.co/600x400/FF9500/FFFFFF?text=Smartphone5\"]', '{\"CPU\": \"Snapdragon 8 Gen 3\", \"RAM\": \"12GB\", \"Storage\": \"128GB\"}', '2025-08-31 20:34:00', '2025-08-31 23:34:00');
INSERT INTO `products` VALUES (215, '折叠屏手机6', '自动生成的商品描述。', 7036.85, 63, 30, 1, 'https://placehold.co/600x400/34C759/FFFFFF?text=Foldable+Phone6', '[\"https://placehold.co/600x400/34C759/FFFFFF?text=Foldable+Phone6\"]', '{\"Battery\": \"21h\", \"Warranty\": \"2 years\"}', '2025-09-01 07:50:00', '2025-09-01 11:50:00');
INSERT INTO `products` VALUES (216, '电竞椅3', '自动生成的商品描述。', 1601.50, 53, 24, 3, 'https://placehold.co/600x400/FF3B30/FFFFFF?text=Gaming+Chair3', '[\"https://placehold.co/600x400/FF3B30/FFFFFF?text=Gaming+Chair3\"]', '{\"Weight\": \"15kg\", \"Material\": \"Metal\"}', '2025-08-23 08:34:00', '2025-08-23 09:34:00');
INSERT INTO `products` VALUES (217, '高性能游戏本10', '自动生成的商品描述。', 6637.34, 25, 25, 3, 'https://placehold.co/600x400/5856D6/FFFFFF?text=Gaming+Laptop10', '[\"https://placehold.co/600x400/5856D6/FFFFFF?text=Gaming+Laptop10\"]', '{\"Weight\": \"6kg\", \"Material\": \"Wood\"}', '2025-08-20 02:32:00', '2025-08-20 12:32:00');
INSERT INTO `products` VALUES (218, '无线蓝牙耳机5', '自动生成的商品描述。', 4695.20, 38, 21, 4, 'https://placehold.co/600x400/5856D6/FFFFFF?text=Bluetooth+Earbuds5', '[\"https://placehold.co/600x400/5856D6/FFFFFF?text=Bluetooth+Earbuds5\"]', '{\"CPU\": \"Snapdragon 8 Gen 3\", \"RAM\": \"8GB\", \"Storage\": \"128GB\"}', '2025-08-30 03:02:00', '2025-08-30 13:02:00');
INSERT INTO `products` VALUES (219, '高性能游戏本15', '自动生成的商品描述。', 583.99, 22, 12, 2, 'https://placehold.co/600x400/FF2D55/FFFFFF?text=Gaming+Laptop15', '[\"https://placehold.co/600x400/FF2D55/FFFFFF?text=Gaming+Laptop15\"]', '{\"Pages\": 257, \"Author\": \"Various\"}', '2025-08-22 16:56:00', '2025-08-22 21:56:00');
INSERT INTO `products` VALUES (220, '单反相机15', '自动生成的商品描述。', 7851.81, 59, 29, 3, 'https://placehold.co/600x400/34C759/FFFFFF?text=DSLR+Camera15', '[\"https://placehold.co/600x400/34C759/FFFFFF?text=DSLR+Camera15\"]', '{\"Weight\": \"15kg\", \"Material\": \"Wood\"}', '2025-08-26 01:51:00', '2025-08-26 06:51:00');
INSERT INTO `products` VALUES (221, '畅销小说套装3', '自动生成的商品描述。', 5097.99, 46, 12, 2, 'https://placehold.co/600x400/FF2D55/FFFFFF?text=Novel+Set3', '[\"https://placehold.co/600x400/FF2D55/FFFFFF?text=Novel+Set3\"]', '{\"Pages\": 329, \"Author\": \"Various\"}', '2025-08-20 15:29:00', '2025-08-20 22:29:00');
INSERT INTO `products` VALUES (222, '音响系统13', '自动生成的商品描述。', 8129.43, 38, 10, 4, 'https://placehold.co/600x400/34C759/FFFFFF?text=Speaker+System13', '[\"https://placehold.co/600x400/34C759/FFFFFF?text=Speaker+System13\"]', '{\"CPU\": \"Snapdragon 8 Gen 3\", \"RAM\": \"16GB\", \"Storage\": \"128GB\"}', '2025-08-21 05:37:00', '2025-08-21 06:37:00');
INSERT INTO `products` VALUES (223, '折叠屏手机7', '自动生成的商品描述。', 3083.91, 71, 9, 2, 'https://placehold.co/600x400/34C759/FFFFFF?text=Foldable+Phone7', '[\"https://placehold.co/600x400/34C759/FFFFFF?text=Foldable+Phone7\"]', '{\"Pages\": 263, \"Author\": \"Various\"}', '2025-09-07 07:30:00', '2025-09-07 12:30:00');
INSERT INTO `products` VALUES (224, '台灯12', '自动生成的商品描述。', 1444.68, 28, 13, 3, 'https://placehold.co/600x400/34C759/FFFFFF?text=Desk+Lamp12', '[\"https://placehold.co/600x400/34C759/FFFFFF?text=Desk+Lamp12\"]', '{\"Weight\": \"3kg\", \"Material\": \"Wood\"}', '2025-09-01 06:01:00', '2025-09-01 08:01:00');
INSERT INTO `products` VALUES (225, '小说精选3', '自动生成的商品描述。', 4188.79, 72, 17, 2, 'https://placehold.co/600x400/FF3B30/FFFFFF?text=Novel+Collection3', '[\"https://placehold.co/600x400/FF3B30/FFFFFF?text=Novel+Collection3\"]', '{\"Pages\": 731, \"Author\": \"Various\"}', '2025-09-02 23:36:00', '2025-09-03 05:36:00');
INSERT INTO `products` VALUES (226, '空气净化器12', '自动生成的商品描述。', 689.79, 99, 21, 4, 'https://placehold.co/600x400/FF9500/FFFFFF?text=Air+Purifier12', '[\"https://placehold.co/600x400/FF9500/FFFFFF?text=Air+Purifier12\"]', '{\"CPU\": \"Snapdragon 8 Gen 3\", \"RAM\": \"8GB\", \"Storage\": \"256GB\"}', '2025-09-06 05:25:00', '2025-09-06 11:25:00');
INSERT INTO `products` VALUES (227, '电竞椅5', '自动生成的商品描述。', 8897.69, 66, 22, 2, 'https://placehold.co/600x400/FF3B30/FFFFFF?text=Gaming+Chair5', '[\"https://placehold.co/600x400/FF3B30/FFFFFF?text=Gaming+Chair5\"]', '{\"Pages\": 397, \"Author\": \"Various\"}', '2025-08-23 22:51:00', '2025-08-24 05:51:00');
INSERT INTO `products` VALUES (228, '畅销小说套装15', '自动生成的商品描述。', 2359.73, 32, 1, 5, 'https://placehold.co/600x400/FF9500/FFFFFF?text=Novel+Set15', '[\"https://placehold.co/600x400/FF9500/FFFFFF?text=Novel+Set15\"]', '{\"CPU\": \"Intel Core i7\", \"GPU\": \"NVIDIA RTX 4070\", \"RAM\": \"16GB\"}', '2025-09-02 08:32:00', '2025-09-02 14:32:00');
INSERT INTO `products` VALUES (229, '扫地机器人15', '自动生成的商品描述。', 7950.25, 34, 1, 3, 'https://placehold.co/600x400/FF9500/FFFFFF?text=Robot+Vacuum15', '[\"https://placehold.co/600x400/FF9500/FFFFFF?text=Robot+Vacuum15\"]', '{\"Weight\": \"6kg\", \"Material\": \"Plastic\"}', '2025-08-23 20:20:00', '2025-08-24 06:20:00');
INSERT INTO `products` VALUES (230, '旗舰智能手机13', '自动生成的商品描述。', 2576.48, 45, 27, 1, 'https://placehold.co/600x400/FF3B30/FFFFFF?text=Smartphone13', '[\"https://placehold.co/600x400/FF3B30/FFFFFF?text=Smartphone13\"]', '{\"Battery\": \"18h\", \"Warranty\": \"2 years\"}', '2025-09-02 08:54:00', '2025-09-02 10:54:00');
INSERT INTO `products` VALUES (231, '机械键盘1', '自动生成的商品描述。', 9184.67, 64, 12, 3, 'https://placehold.co/600x400/FF3B30/FFFFFF?text=Mechanical+Keyboard1', '[\"https://placehold.co/600x400/FF3B30/FFFFFF?text=Mechanical+Keyboard1\"]', '{\"Weight\": \"18kg\", \"Material\": \"Metal\"}', '2025-09-04 00:40:00', '2025-09-04 08:40:00');
INSERT INTO `products` VALUES (232, '扫地机器人11', '自动生成的商品描述。', 4421.96, 82, 11, 3, 'https://placehold.co/600x400/FF2D55/FFFFFF?text=Robot+Vacuum11', '[\"https://placehold.co/600x400/FF2D55/FFFFFF?text=Robot+Vacuum11\"]', '{\"Weight\": \"7kg\", \"Material\": \"Wood\"}', '2025-08-30 19:05:00', '2025-08-31 02:05:00');
INSERT INTO `products` VALUES (233, '电竞椅10', '自动生成的商品描述。', 7696.85, 45, 24, 2, 'https://placehold.co/600x400/FF2D55/FFFFFF?text=Gaming+Chair10', '[\"https://placehold.co/600x400/FF2D55/FFFFFF?text=Gaming+Chair10\"]', '{\"Pages\": 999, \"Author\": \"Various\"}', '2025-08-27 22:03:00', '2025-08-27 23:03:00');
INSERT INTO `products` VALUES (234, '台灯2', '自动生成的商品描述。', 8046.20, 14, 14, 5, 'https://placehold.co/600x400/FF3B30/FFFFFF?text=Desk+Lamp2', '[\"https://placehold.co/600x400/FF3B30/FFFFFF?text=Desk+Lamp2\"]', '{\"CPU\": \"Intel Core i7\", \"GPU\": \"NVIDIA RTX 4070\", \"RAM\": \"16GB\"}', '2025-09-08 00:56:00', '2025-09-08 03:56:00');
INSERT INTO `products` VALUES (235, '电动牙刷9', '自动生成的商品描述。', 1966.73, 90, 26, 2, 'https://placehold.co/600x400/5856D6/FFFFFF?text=Electric+Toothbrush9', '[\"https://placehold.co/600x400/5856D6/FFFFFF?text=Electric+Toothbrush9\"]', '{\"Pages\": 999, \"Author\": \"Various\"}', '2025-09-04 03:57:00', '2025-09-04 06:57:00');
INSERT INTO `products` VALUES (236, '旗舰智能手机2', '自动生成的商品描述。', 7277.27, 85, 4, 4, 'https://placehold.co/600x400/FF3B30/FFFFFF?text=Smartphone2', '[\"https://placehold.co/600x400/FF3B30/FFFFFF?text=Smartphone2\"]', '{\"CPU\": \"Snapdragon 8 Gen 3\", \"RAM\": \"8GB\", \"Storage\": \"256GB\"}', '2025-09-03 09:01:00', '2025-09-03 14:01:00');
INSERT INTO `products` VALUES (237, '折叠屏手机2', '自动生成的商品描述。', 2499.75, 91, 2, 4, 'https://placehold.co/600x400/FF9500/FFFFFF?text=Foldable+Phone2', '[\"https://placehold.co/600x400/FF9500/FFFFFF?text=Foldable+Phone2\"]', '{\"CPU\": \"Snapdragon 8 Gen 3\", \"RAM\": \"12GB\", \"Storage\": \"128GB\"}', '2025-09-01 04:44:00', '2025-09-01 06:44:00');
INSERT INTO `products` VALUES (238, '4K显示器15', '自动生成的商品描述。', 5097.35, 75, 8, 3, 'https://placehold.co/600x400/FF9500/FFFFFF?text=4K+Monitor15', '[\"https://placehold.co/600x400/FF9500/FFFFFF?text=4K+Monitor15\"]', '{\"Weight\": \"13kg\", \"Material\": \"Wood\"}', '2025-08-29 04:49:00', '2025-08-29 05:49:00');
INSERT INTO `products` VALUES (239, '电动牙刷12', '自动生成的商品描述。', 2832.45, 36, 23, 4, 'https://placehold.co/600x400/34C759/FFFFFF?text=Electric+Toothbrush12', '[\"https://placehold.co/600x400/34C759/FFFFFF?text=Electric+Toothbrush12\"]', '{\"CPU\": \"Snapdragon 8 Gen 3\", \"RAM\": \"16GB\", \"Storage\": \"256GB\"}', '2025-08-30 08:28:00', '2025-08-30 09:28:00');
INSERT INTO `products` VALUES (240, '台灯3', '自动生成的商品描述。', 3509.65, 48, 26, 4, 'https://placehold.co/600x400/5856D6/FFFFFF?text=Desk+Lamp3', '[\"https://placehold.co/600x400/5856D6/FFFFFF?text=Desk+Lamp3\"]', '{\"CPU\": \"Snapdragon 8 Gen 3\", \"RAM\": \"12GB\", \"Storage\": \"128GB\"}', '2025-08-26 04:03:00', '2025-08-26 12:03:00');
INSERT INTO `products` VALUES (241, '机械键盘9', '自动生成的商品描述。', 1660.51, 42, 21, 4, 'https://placehold.co/600x400/FF3B30/FFFFFF?text=Mechanical+Keyboard9', '[\"https://placehold.co/600x400/FF3B30/FFFFFF?text=Mechanical+Keyboard9\"]', '{\"CPU\": \"Snapdragon 8 Gen 3\", \"RAM\": \"12GB\", \"Storage\": \"256GB\"}', '2025-08-29 21:38:00', '2025-08-30 04:38:00');
INSERT INTO `products` VALUES (242, '电动牙刷11', '自动生成的商品描述。', 7028.66, 93, 3, 2, 'https://placehold.co/600x400/FF2D55/FFFFFF?text=Electric+Toothbrush11', '[\"https://placehold.co/600x400/FF2D55/FFFFFF?text=Electric+Toothbrush11\"]', '{\"Pages\": 489, \"Author\": \"Various\"}', '2025-08-20 04:44:00', '2025-08-20 13:44:00');
INSERT INTO `products` VALUES (243, '无线蓝牙耳机14', '自动生成的商品描述。', 3578.95, 87, 22, 4, 'https://placehold.co/600x400/34C759/FFFFFF?text=Bluetooth+Earbuds14', '[\"https://placehold.co/600x400/34C759/FFFFFF?text=Bluetooth+Earbuds14\"]', '{\"CPU\": \"Snapdragon 8 Gen 3\", \"RAM\": \"16GB\", \"Storage\": \"128GB\"}', '2025-08-30 11:28:00', '2025-08-30 21:28:00');
INSERT INTO `products` VALUES (244, '高性能游戏本14', '自动生成的商品描述。', 532.21, 47, 6, 1, 'https://placehold.co/600x400/FF2D55/FFFFFF?text=Gaming+Laptop14', '[\"https://placehold.co/600x400/FF2D55/FFFFFF?text=Gaming+Laptop14\"]', '{\"Battery\": \"30h\", \"Warranty\": \"2 years\"}', '2025-08-29 18:54:00', '2025-08-30 03:54:00');
INSERT INTO `products` VALUES (245, '台灯9', '自动生成的商品描述。', 8431.85, 24, 22, 4, 'https://placehold.co/600x400/FF2D55/FFFFFF?text=Desk+Lamp9', '[\"https://placehold.co/600x400/FF2D55/FFFFFF?text=Desk+Lamp9\"]', '{\"CPU\": \"Snapdragon 8 Gen 3\", \"RAM\": \"8GB\", \"Storage\": \"128GB\"}', '2025-08-27 01:41:00', '2025-08-27 08:41:00');
INSERT INTO `products` VALUES (246, '小说精选8', '自动生成的商品描述。', 6670.73, 18, 18, 4, 'https://placehold.co/600x400/FF9500/FFFFFF?text=Novel+Collection8', '[\"https://placehold.co/600x400/FF9500/FFFFFF?text=Novel+Collection8\"]', '{\"CPU\": \"Snapdragon 8 Gen 3\", \"RAM\": \"8GB\", \"Storage\": \"256GB\"}', '2025-09-01 20:04:00', '2025-09-01 23:04:00');
INSERT INTO `products` VALUES (247, '4K显示器8', '自动生成的商品描述。', 1033.50, 51, 9, 4, 'https://placehold.co/600x400/FF3B30/FFFFFF?text=4K+Monitor8', '[\"https://placehold.co/600x400/FF3B30/FFFFFF?text=4K+Monitor8\"]', '{\"CPU\": \"Snapdragon 8 Gen 3\", \"RAM\": \"16GB\", \"Storage\": \"128GB\"}', '2025-09-08 15:09:00', '2025-09-08 18:09:00');
INSERT INTO `products` VALUES (248, '路由器14', '自动生成的商品描述。', 368.64, 25, 2, 3, 'https://placehold.co/600x400/FF9500/FFFFFF?text=WiFi+Router14', '[\"https://placehold.co/600x400/FF9500/FFFFFF?text=WiFi+Router14\"]', '{\"Weight\": \"9kg\", \"Material\": \"Plastic\"}', '2025-09-05 03:51:00', '2025-09-05 12:51:00');
INSERT INTO `products` VALUES (249, '音响系统11', '自动生成的商品描述。', 8151.84, 36, 25, 2, 'https://placehold.co/600x400/34C759/FFFFFF?text=Speaker+System11', '[\"https://placehold.co/600x400/34C759/FFFFFF?text=Speaker+System11\"]', '{\"Pages\": 400, \"Author\": \"Various\"}', '2025-08-30 16:28:00', '2025-08-30 19:28:00');
INSERT INTO `products` VALUES (250, '小说精选1', '自动生成的商品描述。', 9023.74, 80, 2, 4, 'https://placehold.co/600x400/FF9500/FFFFFF?text=Novel+Collection1', '[\"https://placehold.co/600x400/FF9500/FFFFFF?text=Novel+Collection1\"]', '{\"CPU\": \"Snapdragon 8 Gen 3\", \"RAM\": \"16GB\", \"Storage\": \"256GB\"}', '2025-08-31 13:22:00', '2025-08-31 21:22:00');
INSERT INTO `products` VALUES (251, '路由器15', '自动生成的商品描述。', 8712.45, 62, 20, 3, 'https://placehold.co/600x400/34C759/FFFFFF?text=WiFi+Router15', '[\"https://placehold.co/600x400/34C759/FFFFFF?text=WiFi+Router15\"]', '{\"Weight\": \"5kg\", \"Material\": \"Wood\"}', '2025-09-01 00:44:00', '2025-09-01 09:44:00');
INSERT INTO `products` VALUES (252, '路由器4', '自动生成的商品描述。', 4067.22, 82, 24, 4, 'https://placehold.co/600x400/FF2D55/FFFFFF?text=WiFi+Router4', '[\"https://placehold.co/600x400/FF2D55/FFFFFF?text=WiFi+Router4\"]', '{\"CPU\": \"Snapdragon 8 Gen 3\", \"RAM\": \"12GB\", \"Storage\": \"256GB\"}', '2025-09-03 09:03:00', '2025-09-03 16:03:00');
INSERT INTO `products` VALUES (253, '台灯7', '自动生成的商品描述。', 8694.49, 64, 3, 2, 'https://placehold.co/600x400/FF3B30/FFFFFF?text=Desk+Lamp7', '[\"https://placehold.co/600x400/FF3B30/FFFFFF?text=Desk+Lamp7\"]', '{\"Pages\": 690, \"Author\": \"Various\"}', '2025-08-24 05:28:00', '2025-08-24 10:28:00');
INSERT INTO `products` VALUES (254, '折叠屏手机14', '自动生成的商品描述。', 2262.54, 72, 3, 2, 'https://placehold.co/600x400/FF9500/FFFFFF?text=Foldable+Phone14', '[\"https://placehold.co/600x400/FF9500/FFFFFF?text=Foldable+Phone14\"]', '{\"Pages\": 213, \"Author\": \"Various\"}', '2025-09-09 15:24:00', '2025-09-09 21:24:00');
INSERT INTO `products` VALUES (255, '路由器8', '自动生成的商品描述。', 4921.09, 38, 7, 5, 'https://placehold.co/600x400/FF2D55/FFFFFF?text=WiFi+Router8', '[\"https://placehold.co/600x400/FF2D55/FFFFFF?text=WiFi+Router8\"]', '{\"CPU\": \"Intel Core i7\", \"GPU\": \"NVIDIA RTX 4070\", \"RAM\": \"16GB\"}', '2025-08-23 14:01:00', '2025-08-23 20:01:00');
INSERT INTO `products` VALUES (256, '电竞椅1', '自动生成的商品描述。', 7294.35, 77, 21, 1, 'https://placehold.co/600x400/34C759/FFFFFF?text=Gaming+Chair1', '[\"https://placehold.co/600x400/34C759/FFFFFF?text=Gaming+Chair1\"]', '{\"Battery\": \"16h\", \"Warranty\": \"2 years\"}', '2025-09-05 10:17:00', '2025-09-05 13:17:00');
INSERT INTO `products` VALUES (257, '4K显示器12', '自动生成的商品描述。', 2707.09, 39, 2, 1, 'https://placehold.co/600x400/FF3B30/FFFFFF?text=4K+Monitor12', '[\"https://placehold.co/600x400/FF3B30/FFFFFF?text=4K+Monitor12\"]', '{\"Battery\": \"26h\", \"Warranty\": \"2 years\"}', '2025-09-03 07:04:00', '2025-09-03 11:04:00');
INSERT INTO `products` VALUES (258, '路由器3', '自动生成的商品描述。', 6147.76, 13, 20, 5, 'https://placehold.co/600x400/5856D6/FFFFFF?text=WiFi+Router3', '[\"https://placehold.co/600x400/5856D6/FFFFFF?text=WiFi+Router3\"]', '{\"CPU\": \"Intel Core i7\", \"GPU\": \"NVIDIA RTX 4070\", \"RAM\": \"16GB\"}', '2025-08-25 09:33:00', '2025-08-25 14:33:00');
INSERT INTO `products` VALUES (259, '咖啡机10', '自动生成的商品描述。', 8494.70, 40, 15, 1, 'https://placehold.co/600x400/FF3B30/FFFFFF?text=Coffee+Machine10', '[\"https://placehold.co/600x400/FF3B30/FFFFFF?text=Coffee+Machine10\"]', '{\"Battery\": \"15h\", \"Warranty\": \"2 years\"}', '2025-09-06 03:17:00', '2025-09-06 10:17:00');
INSERT INTO `products` VALUES (260, '平板电脑3', '自动生成的商品描述。', 4318.71, 77, 19, 1, 'https://placehold.co/600x400/FF3B30/FFFFFF?text=Tablet3', '[\"https://placehold.co/600x400/FF3B30/FFFFFF?text=Tablet3\"]', '{\"Battery\": \"20h\", \"Warranty\": \"2 years\"}', '2025-08-30 08:16:00', '2025-08-30 16:16:00');
INSERT INTO `products` VALUES (261, '台灯11', '自动生成的商品描述。', 9319.92, 27, 16, 1, 'https://placehold.co/600x400/FF9500/FFFFFF?text=Desk+Lamp11', '[\"https://placehold.co/600x400/FF9500/FFFFFF?text=Desk+Lamp11\"]', '{\"Battery\": \"21h\", \"Warranty\": \"2 years\"}', '2025-08-26 02:57:00', '2025-08-26 11:57:00');
INSERT INTO `products` VALUES (262, '电竞椅9', '自动生成的商品描述。', 6365.13, 89, 29, 2, 'https://placehold.co/600x400/34C759/FFFFFF?text=Gaming+Chair9', '[\"https://placehold.co/600x400/34C759/FFFFFF?text=Gaming+Chair9\"]', '{\"Pages\": 469, \"Author\": \"Various\"}', '2025-09-01 05:00:00', '2025-09-01 09:00:00');
INSERT INTO `products` VALUES (263, '旗舰智能手机14', '自动生成的商品描述。', 9734.64, 82, 14, 4, 'https://placehold.co/600x400/5856D6/FFFFFF?text=Smartphone14', '[\"https://placehold.co/600x400/5856D6/FFFFFF?text=Smartphone14\"]', '{\"CPU\": \"Snapdragon 8 Gen 3\", \"RAM\": \"12GB\", \"Storage\": \"256GB\"}', '2025-09-03 09:06:00', '2025-09-03 12:06:00');
INSERT INTO `products` VALUES (264, '扫地机器人1', '自动生成的商品描述。', 3289.69, 55, 0, 2, 'https://placehold.co/600x400/5856D6/FFFFFF?text=Robot+Vacuum1', '[\"https://placehold.co/600x400/5856D6/FFFFFF?text=Robot+Vacuum1\"]', '{\"Pages\": 227, \"Author\": \"Various\"}', '2025-09-01 14:44:00', '2025-09-01 15:44:00');
INSERT INTO `products` VALUES (265, '空气净化器15', '自动生成的商品描述。', 895.36, 66, 28, 2, 'https://placehold.co/600x400/5856D6/FFFFFF?text=Air+Purifier15', '[\"https://placehold.co/600x400/5856D6/FFFFFF?text=Air+Purifier15\"]', '{\"Pages\": 489, \"Author\": \"Various\"}', '2025-08-30 11:49:00', '2025-08-30 16:49:00');
INSERT INTO `products` VALUES (266, '单反相机1', '自动生成的商品描述。', 8385.34, 58, 19, 1, 'https://placehold.co/600x400/34C759/FFFFFF?text=DSLR+Camera1', '[\"https://placehold.co/600x400/34C759/FFFFFF?text=DSLR+Camera1\"]', '{\"Battery\": \"28h\", \"Warranty\": \"2 years\"}', '2025-09-07 06:51:00', '2025-09-07 13:51:00');
INSERT INTO `products` VALUES (267, '机械键盘4', '自动生成的商品描述。', 5529.51, 63, 25, 3, 'https://placehold.co/600x400/FF3B30/FFFFFF?text=Mechanical+Keyboard4', '[\"https://placehold.co/600x400/FF3B30/FFFFFF?text=Mechanical+Keyboard4\"]', '{\"Weight\": \"12kg\", \"Material\": \"Wood\"}', '2025-09-09 08:22:00', '2025-09-09 18:22:00');
INSERT INTO `products` VALUES (268, '空气净化器5', '自动生成的商品描述。', 2845.69, 72, 10, 2, 'https://placehold.co/600x400/FF3B30/FFFFFF?text=Air+Purifier5', '[\"https://placehold.co/600x400/FF3B30/FFFFFF?text=Air+Purifier5\"]', '{\"Pages\": 612, \"Author\": \"Various\"}', '2025-09-05 11:46:00', '2025-09-05 17:46:00');
INSERT INTO `products` VALUES (269, '旗舰智能手机4', '自动生成的商品描述。', 5835.19, 86, 7, 3, 'https://placehold.co/600x400/FF3B30/FFFFFF?text=Smartphone4', '[\"https://placehold.co/600x400/FF3B30/FFFFFF?text=Smartphone4\"]', '{\"Weight\": \"3kg\", \"Material\": \"Metal\"}', '2025-08-24 15:59:00', '2025-08-25 01:59:00');
INSERT INTO `products` VALUES (270, '无线蓝牙耳机6', '自动生成的商品描述。', 3203.81, 23, 29, 2, 'https://placehold.co/600x400/5856D6/FFFFFF?text=Bluetooth+Earbuds6', '[\"https://placehold.co/600x400/5856D6/FFFFFF?text=Bluetooth+Earbuds6\"]', '{\"Pages\": 999, \"Author\": \"Various\"}', '2025-09-08 08:25:00', '2025-09-08 16:25:00');
INSERT INTO `products` VALUES (271, '人体工学办公椅11', '自动生成的商品描述。', 1202.17, 74, 19, 3, 'https://placehold.co/600x400/FF3B30/FFFFFF?text=Office+Chair11', '[\"https://placehold.co/600x400/FF3B30/FFFFFF?text=Office+Chair11\"]', '{\"Weight\": \"6kg\", \"Material\": \"Wood\"}', '2025-09-09 16:45:00', '2025-09-09 22:45:00');
INSERT INTO `products` VALUES (272, '高性能游戏本13', '自动生成的商品描述。', 1032.84, 62, 4, 4, 'https://placehold.co/600x400/FF3B30/FFFFFF?text=Gaming+Laptop13', '[\"https://placehold.co/600x400/FF3B30/FFFFFF?text=Gaming+Laptop13\"]', '{\"CPU\": \"Snapdragon 8 Gen 3\", \"RAM\": \"12GB\", \"Storage\": \"128GB\"}', '2025-08-20 21:07:00', '2025-08-21 04:07:00');
INSERT INTO `products` VALUES (273, '单反相机9', '自动生成的商品描述。', 1220.52, 99, 27, 2, 'https://placehold.co/600x400/FF2D55/FFFFFF?text=DSLR+Camera9', '[\"https://placehold.co/600x400/FF2D55/FFFFFF?text=DSLR+Camera9\"]', '{\"Pages\": 989, \"Author\": \"Various\"}', '2025-08-28 10:16:00', '2025-08-28 11:16:00');
INSERT INTO `products` VALUES (274, '人体工学办公椅12', '自动生成的商品描述。', 7871.60, 59, 3, 5, 'https://placehold.co/600x400/34C759/FFFFFF?text=Office+Chair12', '[\"https://placehold.co/600x400/34C759/FFFFFF?text=Office+Chair12\"]', '{\"CPU\": \"Intel Core i7\", \"GPU\": \"NVIDIA RTX 4070\", \"RAM\": \"16GB\"}', '2025-09-01 02:01:00', '2025-09-01 06:01:00');
INSERT INTO `products` VALUES (275, '畅销小说套装9', '自动生成的商品描述。', 4242.21, 12, 16, 1, 'https://placehold.co/600x400/34C759/FFFFFF?text=Novel+Set9', '[\"https://placehold.co/600x400/34C759/FFFFFF?text=Novel+Set9\"]', '{\"Battery\": \"20h\", \"Warranty\": \"2 years\"}', '2025-08-28 04:16:00', '2025-08-28 11:16:00');
INSERT INTO `products` VALUES (276, '畅销小说套装8', '自动生成的商品描述。', 8974.92, 95, 1, 2, 'https://placehold.co/600x400/FF9500/FFFFFF?text=Novel+Set8', '[\"https://placehold.co/600x400/FF9500/FFFFFF?text=Novel+Set8\"]', '{\"Pages\": 328, \"Author\": \"Various\"}', '2025-09-06 07:54:00', '2025-09-06 12:54:00');
INSERT INTO `products` VALUES (277, '4K显示器13', '自动生成的商品描述。', 7631.77, 39, 14, 4, 'https://placehold.co/600x400/34C759/FFFFFF?text=4K+Monitor13', '[\"https://placehold.co/600x400/34C759/FFFFFF?text=4K+Monitor13\"]', '{\"CPU\": \"Snapdragon 8 Gen 3\", \"RAM\": \"8GB\", \"Storage\": \"512GB\"}', '2025-08-29 17:50:00', '2025-08-29 23:50:00');
INSERT INTO `products` VALUES (278, '高性能游戏本6', '自动生成的商品描述。', 648.97, 10, 5, 2, 'https://placehold.co/600x400/FF9500/FFFFFF?text=Gaming+Laptop6', '[\"https://placehold.co/600x400/FF9500/FFFFFF?text=Gaming+Laptop6\"]', '{\"Pages\": 893, \"Author\": \"Various\"}', '2025-08-21 17:45:00', '2025-08-21 19:45:00');
INSERT INTO `products` VALUES (279, '畅销小说套装10', '自动生成的商品描述。', 2695.17, 10, 11, 5, 'https://placehold.co/600x400/FF2D55/FFFFFF?text=Novel+Set10', '[\"https://placehold.co/600x400/FF2D55/FFFFFF?text=Novel+Set10\"]', '{\"CPU\": \"Intel Core i7\", \"GPU\": \"NVIDIA RTX 4070\", \"RAM\": \"16GB\"}', '2025-08-20 02:25:00', '2025-08-20 08:25:00');
INSERT INTO `products` VALUES (280, '旗舰智能手机11', '自动生成的商品描述。', 5444.69, 63, 6, 4, 'https://placehold.co/600x400/5856D6/FFFFFF?text=Smartphone11', '[\"https://placehold.co/600x400/5856D6/FFFFFF?text=Smartphone11\"]', '{\"CPU\": \"Snapdragon 8 Gen 3\", \"RAM\": \"16GB\", \"Storage\": \"512GB\"}', '2025-08-29 16:40:00', '2025-08-29 18:40:00');
INSERT INTO `products` VALUES (281, '电动牙刷6', '自动生成的商品描述。', 1213.23, 43, 30, 5, 'https://placehold.co/600x400/FF3B30/FFFFFF?text=Electric+Toothbrush6', '[\"https://placehold.co/600x400/FF3B30/FFFFFF?text=Electric+Toothbrush6\"]', '{\"CPU\": \"Intel Core i7\", \"GPU\": \"NVIDIA RTX 4070\", \"RAM\": \"16GB\"}', '2025-08-20 22:51:00', '2025-08-21 07:51:00');
INSERT INTO `products` VALUES (282, '咖啡机14', '自动生成的商品描述。', 4569.19, 31, 2, 2, 'https://placehold.co/600x400/5856D6/FFFFFF?text=Coffee+Machine14', '[\"https://placehold.co/600x400/5856D6/FFFFFF?text=Coffee+Machine14\"]', '{\"Pages\": 348, \"Author\": \"Various\"}', '2025-08-30 16:57:00', '2025-08-30 22:57:00');
INSERT INTO `products` VALUES (283, '平板电脑9', '自动生成的商品描述。', 1486.29, 15, 13, 3, 'https://placehold.co/600x400/FF3B30/FFFFFF?text=Tablet9', '[\"https://placehold.co/600x400/FF3B30/FFFFFF?text=Tablet9\"]', '{\"Weight\": \"10kg\", \"Material\": \"Plastic\"}', '2025-09-01 06:56:00', '2025-09-01 08:56:00');
INSERT INTO `products` VALUES (284, '人体工学办公椅13', '自动生成的商品描述。', 3163.71, 86, 9, 1, 'https://placehold.co/600x400/5856D6/FFFFFF?text=Office+Chair13', '[\"https://placehold.co/600x400/5856D6/FFFFFF?text=Office+Chair13\"]', '{\"Battery\": \"11h\", \"Warranty\": \"2 years\"}', '2025-09-06 15:13:00', '2025-09-06 21:13:00');
INSERT INTO `products` VALUES (285, '电竞椅11', '自动生成的商品描述。', 7838.34, 55, 5, 4, 'https://placehold.co/600x400/5856D6/FFFFFF?text=Gaming+Chair11', '[\"https://placehold.co/600x400/5856D6/FFFFFF?text=Gaming+Chair11\"]', '{\"CPU\": \"Snapdragon 8 Gen 3\", \"RAM\": \"8GB\", \"Storage\": \"128GB\"}', '2025-08-27 14:45:00', '2025-08-28 00:45:00');
INSERT INTO `products` VALUES (286, '畅销小说套装6', '自动生成的商品描述。', 7223.47, 51, 1, 2, 'https://placehold.co/600x400/5856D6/FFFFFF?text=Novel+Set6', '[\"https://placehold.co/600x400/5856D6/FFFFFF?text=Novel+Set6\"]', '{\"Pages\": 944, \"Author\": \"Various\"}', '2025-08-25 04:14:00', '2025-08-25 07:14:00');
INSERT INTO `products` VALUES (287, '路由器6', '自动生成的商品描述。', 2332.91, 85, 28, 1, 'https://placehold.co/600x400/FF2D55/FFFFFF?text=WiFi+Router6', '[\"https://placehold.co/600x400/FF2D55/FFFFFF?text=WiFi+Router6\"]', '{\"Battery\": \"10h\", \"Warranty\": \"2 years\"}', '2025-08-26 19:01:00', '2025-08-27 01:01:00');
INSERT INTO `products` VALUES (288, '折叠屏手机5', '自动生成的商品描述。', 4934.81, 13, 7, 4, 'https://placehold.co/600x400/FF3B30/FFFFFF?text=Foldable+Phone5', '[\"https://placehold.co/600x400/FF3B30/FFFFFF?text=Foldable+Phone5\"]', '{\"CPU\": \"Snapdragon 8 Gen 3\", \"RAM\": \"8GB\", \"Storage\": \"256GB\"}', '2025-08-24 11:28:00', '2025-08-24 18:28:00');
INSERT INTO `products` VALUES (289, '单反相机3', '自动生成的商品描述。', 4673.59, 42, 2, 3, 'https://placehold.co/600x400/FF9500/FFFFFF?text=DSLR+Camera3', '[\"https://placehold.co/600x400/FF9500/FFFFFF?text=DSLR+Camera3\"]', '{\"Weight\": \"12kg\", \"Material\": \"Plastic\"}', '2025-09-08 05:16:00', '2025-09-08 06:16:00');
INSERT INTO `products` VALUES (290, '平板电脑11', '自动生成的商品描述。', 4613.55, 62, 30, 3, 'https://placehold.co/600x400/5856D6/FFFFFF?text=Tablet11', '[\"https://placehold.co/600x400/5856D6/FFFFFF?text=Tablet11\"]', '{\"Weight\": \"5kg\", \"Material\": \"Metal\"}', '2025-09-01 01:19:00', '2025-09-01 03:19:00');
INSERT INTO `products` VALUES (291, '台灯6', '自动生成的商品描述。', 6450.98, 43, 18, 5, 'https://placehold.co/600x400/FF2D55/FFFFFF?text=Desk+Lamp6', '[\"https://placehold.co/600x400/FF2D55/FFFFFF?text=Desk+Lamp6\"]', '{\"CPU\": \"Intel Core i7\", \"GPU\": \"NVIDIA RTX 4070\", \"RAM\": \"16GB\"}', '2025-08-23 21:21:00', '2025-08-23 22:21:00');
INSERT INTO `products` VALUES (292, '智能手表5', '自动生成的商品描述。', 5312.17, 21, 3, 4, 'https://placehold.co/600x400/FF9500/FFFFFF?text=Smart+Watch5', '[\"https://placehold.co/600x400/FF9500/FFFFFF?text=Smart+Watch5\"]', '{\"CPU\": \"Snapdragon 8 Gen 3\", \"RAM\": \"8GB\", \"Storage\": \"512GB\"}', '2025-09-01 09:48:00', '2025-09-01 17:48:00');
INSERT INTO `products` VALUES (293, '电竞椅4', '自动生成的商品描述。', 9387.14, 71, 3, 3, 'https://placehold.co/600x400/5856D6/FFFFFF?text=Gaming+Chair4', '[\"https://placehold.co/600x400/5856D6/FFFFFF?text=Gaming+Chair4\"]', '{\"Weight\": \"16kg\", \"Material\": \"Metal\"}', '2025-09-09 00:26:00', '2025-09-09 04:26:00');
INSERT INTO `products` VALUES (294, '平板电脑14', '自动生成的商品描述。', 7931.29, 24, 17, 5, 'https://placehold.co/600x400/FF2D55/FFFFFF?text=Tablet14', '[\"https://placehold.co/600x400/FF2D55/FFFFFF?text=Tablet14\"]', '{\"CPU\": \"Intel Core i7\", \"GPU\": \"NVIDIA RTX 4070\", \"RAM\": \"16GB\"}', '2025-08-20 09:30:00', '2025-08-20 11:30:00');
INSERT INTO `products` VALUES (295, '电动牙刷3', '自动生成的商品描述。', 2940.93, 86, 16, 3, 'https://placehold.co/600x400/34C759/FFFFFF?text=Electric+Toothbrush3', '[\"https://placehold.co/600x400/34C759/FFFFFF?text=Electric+Toothbrush3\"]', '{\"Weight\": \"7kg\", \"Material\": \"Plastic\"}', '2025-09-08 15:45:00', '2025-09-08 23:45:00');
INSERT INTO `products` VALUES (296, '路由器10', '自动生成的商品描述。', 1071.54, 86, 1, 2, 'https://placehold.co/600x400/FF3B30/FFFFFF?text=WiFi+Router10', '[\"https://placehold.co/600x400/FF3B30/FFFFFF?text=WiFi+Router10\"]', '{\"Pages\": 474, \"Author\": \"Various\"}', '2025-08-20 19:31:00', '2025-08-21 04:31:00');
INSERT INTO `products` VALUES (297, '折叠屏手机10', '自动生成的商品描述。', 8657.69, 47, 3, 3, 'https://placehold.co/600x400/5856D6/FFFFFF?text=Foldable+Phone10', '[\"https://placehold.co/600x400/5856D6/FFFFFF?text=Foldable+Phone10\"]', '{\"Weight\": \"7kg\", \"Material\": \"Metal\"}', '2025-09-04 06:56:00', '2025-09-04 10:56:00');
INSERT INTO `products` VALUES (298, '单反相机13', '自动生成的商品描述。', 8192.81, 65, 16, 3, 'https://placehold.co/600x400/FF3B30/FFFFFF?text=DSLR+Camera13', '[\"https://placehold.co/600x400/FF3B30/FFFFFF?text=DSLR+Camera13\"]', '{\"Weight\": \"13kg\", \"Material\": \"Wood\"}', '2025-08-23 15:36:00', '2025-08-23 18:36:00');
INSERT INTO `products` VALUES (299, '咖啡机11', '自动生成的商品描述。', 7416.06, 12, 6, 5, 'https://placehold.co/600x400/34C759/FFFFFF?text=Coffee+Machine11', '[\"https://placehold.co/600x400/34C759/FFFFFF?text=Coffee+Machine11\"]', '{\"CPU\": \"Intel Core i7\", \"GPU\": \"NVIDIA RTX 4070\", \"RAM\": \"16GB\"}', '2025-08-26 05:10:00', '2025-08-26 08:10:00');
INSERT INTO `products` VALUES (300, '小说精选2', '自动生成的商品描述。', 3279.75, 87, 13, 3, 'https://placehold.co/600x400/FF2D55/FFFFFF?text=Novel+Collection2', '[\"https://placehold.co/600x400/FF2D55/FFFFFF?text=Novel+Collection2\"]', '{\"Weight\": \"3kg\", \"Material\": \"Wood\"}', '2025-09-09 18:58:00', '2025-09-10 00:58:00');

-- ----------------------------
-- Table structure for user_behaviors
-- ----------------------------
DROP TABLE IF EXISTS `user_behaviors`;
CREATE TABLE `user_behaviors`  (
  `id` bigint UNSIGNED NOT NULL AUTO_INCREMENT COMMENT '行为ID, 主键',
  `user_id` bigint UNSIGNED NOT NULL COMMENT '用户ID',
  `product_id` bigint UNSIGNED NOT NULL COMMENT '商品ID',
  `event_type` varchar(20) CHARACTER SET utf8mb4 COLLATE utf8mb4_unicode_ci NOT NULL COMMENT '事件类型 (click, addToCart, purchase)',
  `timestamp` datetime NOT NULL COMMENT '事件发生时间',
  PRIMARY KEY (`id`) USING BTREE,
  INDEX `idx_user_event`(`user_id` ASC, `event_type` ASC) USING BTREE,
  INDEX `idx_product_event`(`product_id` ASC, `event_type` ASC) USING BTREE
) ENGINE = InnoDB AUTO_INCREMENT = 2 CHARACTER SET = utf8mb4 COLLATE = utf8mb4_unicode_ci COMMENT = '用户行为追踪表' ROW_FORMAT = Dynamic;

-- ----------------------------
-- Records of user_behaviors
-- ----------------------------
INSERT INTO `user_behaviors` VALUES (1, 1, 301, 'click', '2025-08-26 11:45:00');

-- ----------------------------
-- Table structure for users
-- ----------------------------
DROP TABLE IF EXISTS `users`;
CREATE TABLE `users`  (
  `id` bigint UNSIGNED NOT NULL AUTO_INCREMENT COMMENT '用户ID, 主键',
  `username` varchar(50) CHARACTER SET utf8mb4 COLLATE utf8mb4_unicode_ci NOT NULL COMMENT '用户名, 必须唯一',
  `password` varchar(255) CHARACTER SET utf8mb4 COLLATE utf8mb4_unicode_ci NOT NULL COMMENT '密码, 存储加密后的哈希值',
  `email` varchar(100) CHARACTER SET utf8mb4 COLLATE utf8mb4_unicode_ci NOT NULL COMMENT '电子邮箱, 必须唯一',
  `avatar_url` varchar(255) CHARACTER SET utf8mb4 COLLATE utf8mb4_unicode_ci NULL DEFAULT 'https://placehold.co/100x100/EEE/31343C?text=Avatar' COMMENT '用户头像URL',
  `role` varchar(20) CHARACTER SET utf8mb4 COLLATE utf8mb4_unicode_ci NOT NULL DEFAULT 'USER' COMMENT '用户角色 (USER, ADMIN)',
  `created_at` datetime NOT NULL DEFAULT CURRENT_TIMESTAMP COMMENT '创建时间',
  `updated_at` datetime NOT NULL DEFAULT CURRENT_TIMESTAMP ON UPDATE CURRENT_TIMESTAMP COMMENT '更新时间',
  PRIMARY KEY (`id`) USING BTREE,
  UNIQUE INDEX `username`(`username` ASC) USING BTREE,
  UNIQUE INDEX `email`(`email` ASC) USING BTREE,
  INDEX `idx_username`(`username` ASC) USING BTREE,
  INDEX `idx_email`(`email` ASC) USING BTREE
) ENGINE = InnoDB AUTO_INCREMENT = 6 CHARACTER SET = utf8mb4 COLLATE = utf8mb4_unicode_ci COMMENT = '用户表' ROW_FORMAT = Dynamic;

-- ----------------------------
-- Records of users
-- ----------------------------
INSERT INTO `users` VALUES (1, 'testUser', '482c811da5d5b4bc6d497ffa98491e38', 'test@example.com', 'https://placehold.co/100x100/EEE/31343C?text=Avatar', 'ADMIN', '2025-08-26 22:45:33', '2025-08-27 15:36:06');
INSERT INTO `users` VALUES (2, 'testUser2', '2808570bfa417fa4497f52b608b0f5bc', 'Liyunhan0621@example.com', 'https://placehold.co/100x100/EEE/31343C?text=Avatar', 'USER', '2025-08-30 18:31:30', '2025-08-30 18:31:30');
INSERT INTO `users` VALUES (3, 'testUser3', 'b212290a02d1993b5971bb29ff86d556', 'Liyunhanpropeller@foxmail.com', 'https://placehold.co/100x100/EEE/31343C?text=Avatar', 'USER', '2025-08-30 18:34:35', '2025-08-30 18:34:35');
INSERT INTO `users` VALUES (4, 'Brooke', '2808570bfa417fa4497f52b608b0f5bc', 'Brooke@163.com', 'https://placehold.co/100x100/EEE/31343C?text=Avatar', 'USER', '2025-08-31 00:05:00', '2025-08-31 00:05:00');
INSERT INTO `users` VALUES (5, 'sssss', '1c63129ae9db9c60c3e8aa94d3e00495', 'ssss@163.com', 'https://placehold.co/100x100/EEE/31343C?text=Avatar', 'USER', '2025-09-17 21:24:55', '2025-09-17 21:24:55');

SET FOREIGN_KEY_CHECKS = 1;
